pps,bps,syn_fraction,unique_ports,mean_size,size_std,dns_entropy,dns_length,dns_txt_fraction,beacon_cv,beacon_count,ja4_watchlist
3048.3944976995613,4256468.710746806,0.0,0,1396.2985151557336,222.18070932896754,0.0,0,0,0.4431238242047447,1,0
4.8522379530864255,407.5879880592597,0.0,0,84.0,0.0,0.0,0,0,0.9530092757571174,3,0
1.229254148116726,1714.9987505827924,0.2735081643908637,0,1395.1539258258754,234.03915883960315,0.0,0,0,1.0417505986567053,2,0
44.94208849901411,13434.252008178151,0.05197045759907191,0,298.9236249773496,174.64229029967808,0.0,0,0,0.5765965949888956,2,0
3384.548897675804,3962012.1295027034,0.0,0,1170.6174882636349,279.4098084867584,0.0,0,0,0.7846116397551786,3,0
4.264543314754691,255.8725988852815,0.0,0,60.0,0.0,0.0,0,0,1.245428558842532,2,0
5.520377356097855,4730.60161998416,0.24276478878235874,2,856.9344656771873,18.797184026795744,0.0,0,0,0.5319054839619113,0,0
25.12212011584978,32591.693958470318,0.039271018750525875,2,1297.3305520463584,173.60209797859233,0.0,0,0,1.4535251230341482,2,0
5313.636369518677,7248939.413101572,0.0,0,1364.2144303822956,174.0265057425104,0.0,0,0,0.5294324742234197,2,0
0.9437789421086021,56.626736526516126,0.0,0,60.0,0.0,0.0,0,0,0.7714145231684384,0,0
23.007468316507527,5365.159209276994,0.24603725433888612,1,233.19207204677838,104.00950771419951,0.0,0,0,0.6688965298729781,3,0
37.05565797908838,43081.55145759272,0.21885460460143805,0,1162.6173655290356,101.42031847047981,0.0,0,0,0.4810627717202274,0,0
4219.4321170648045,4880091.995932753,0.0,0,1156.5755439448872,218.9470488286265,0.0,0,0,1.3450118860432518,3,0
1.809788721527723,231.65295635554855,0.0,0,128.0,0.0,0.0,0,0,0.789277693009556,0,0
24.18790097361421,4724.343613408025,0.1255176053690827,0,195.3184618442773,137.1912335240586,0.0,0,0,0.7798118947152474,3,0
5.887378805451284,4893.470065722827,0.042642053691491766,0,831.1797537457297,55.29926584312971,0.0,0,0,1.1685926078130884,0,0
3713.0196204264353,4187470.549468946,0.0,0,1127.7803452565706,146.67669644164937,0.0,0,0,0.4671429768648879,3,0
2.92273694083145,175.364216449887,0.0,0,60.0,0.0,0.0,0,0,0.8441633666142866,3,0
13.74305874369384,8416.093327654784,0.1693662725459383,0,612.3886599492711,265.73592861763524,0.0,0,0,1.2694504869811545,2,0
10.095065095183658,11535.671257962997,0.21001072781651256,0,1142.703999349806,129.26755950295444,0.0,0,0,1.1309448006243943,0,0
3252.586213927363,3692790.9986041244,0.0,0,1135.339928206002,158.3712825488044,0.0,0,0,1.1904476914475075,3,0
4.345011660227253,260.70069961363515,0.0,0,60.0,0.0,0.0,0,0,0.3817167729111375,3,0
44.290050697786,9293.55919596979,0.23941899258674088,2,209.83401575637308,146.01331958277356,0.0,0,0,1.332264582331184,3,0
41.319218850561604,42975.658308211765,0.21268301347436663,1,1040.0888376820717,132.44107950661194,0.0,0,0,1.0367465544626424,1,0
2331.2953704284264,3323634.2226517154,0.0,0,1425.659856237318,82.71957479176696,0.0,0,0,1.036774482422436,0,0
2.258432255786892,289.0793287407222,0.0,0,128.0,0.0,0.0,0,0,1.3230318072239529,2,0
33.07166619465382,38355.85306439954,0.01377706789011376,0,1159.7798804161832,18.533638116643203,0.0,0,0,1.297476885176277,1,0
19.18408804072877,21322.49956844899,0.0826887745023011,0,1111.4679792534453,215.325999025897,0.0,0,0,0.9779015841265818,0,0
1044.9000024820084,1281536.2962222528,0.0,0,1226.4678851355625,116.62103502342201,0.0,0,0,0.5212725936219644,0,0
2.685867962255073,343.79109916864934,0.0,0,128.0,0.0,0.0,0,0,1.2167750106360258,3,0
27.68733994483537,38323.70573479457,0.12373140468038729,0,1384.1599016428172,102.1739751120079,0.0,0,0,1.358690076823784,2,0
11.55639188807499,11981.452557964154,0.16650973790555756,0,1036.7814343789937,55.08027128775066,0.0,0,0,0.5240501272435802,2,0
1557.5280835244862,1802232.921269754,0.0,0,1157.1110276172562,110.98625222091476,0.0,0,0,0.9485380626777226,0,0
1.7935733718241775,150.66016323323092,0.0,0,84.0,0.0,0.0,0,0,1.1404356948621581,1,0
30.825458444906445,8390.953081358766,0.2724811433680574,1,272.2085414027403,255.37751551563204,0.0,0,0,0.9735101641588897,2,0
21.571286154649002,19333.35198615005,0.18032725148594053,0,896.2540224790149,136.67261459626852,0.0,0,0,0.9673613357225269,1,0
3439.1047795365957,4139514.757067636,0.0,0,1203.6605519257885,30.673626673360978,0.0,0,0,0.8713492404098842,1,0
4.986496089639586,638.271499473867,0.0,0,128.0,0.0,0.0,0,0,1.2036461241986371,3,0
6.116744539936782,5124.095153602232,0.21998496123420938,0,837.716062874058,9.98156195883604,0.0,0,0,1.1658525977727798,3,0
14.130243597593434,14251.236069432542,0.24885281343089632,1,1008.5626600138525,286.26672128714455,0.0,0,0,0.38565175167786453,2,0
2308.3413787825225,2711410.9820438265,0.0,0,1174.6143819827435,201.6446904027169,0.0,0,0,1.1397309941656886,1,0
2.511254853630015,210.94540770492128,0.0,0,84.0,0.0,0.0,0,0,1.275833678755688,2,0
18.453706660704178,19436.746512445727,0.2675380012090498,0,1053.2705905548428,171.01881115630223,0.0,0,0,0.8545348252808708,2,0
13.157222038285468,12573.16105864624,0.021635600746474682,0,955.6090960584459,84.5787381069037,0.0,0,0,1.2417472303547266,2,0
5067.570694537736,6957283.18744261,0.0,0,1372.903035164713,94.5068889915879,0.0,0,0,0.5528914339870463,2,0
3.177410149819263,190.64460898915576,0.0,0,60.0,0.0,0.0,0,0,0.6134012856912482,2,0
3.6201029706440475,324.73173770834626,0.014712920451038813,2,89.70234834247648,277.8244593264048,0.0,0,0,0.8072712877518815,3,0
19.643949872431946,21292.010130537805,0.04556625232494322,1,1083.8965823476633,291.1564517276294,0.0,0,0,0.40839164202800465,1,0
4420.707509865582,6369054.242712209,0.0,0,1440.7318802473474,148.97301887871933,0.0,0,0,0.46164015929917457,1,0
3.8383110286381763,491.30381166568657,0.0,0,128.0,0.0,0.0,0,0,0.861918492446483,3,0
34.978601732104266,3821.3281390470506,0.23983387184624083,0,109.24759566760316,264.48905712840116,0.0,0,0,1.2304745220364526,0,0
26.779287518143544,8576.341650532595,0.1568523554657634,2,320.2602625152719,146.65780053911064,0.0,0,0,1.4268052221514296,1,0
2295.899770375776,3011485.0103472336,0.0,0,1311.6796513526965,201.26673297704104,0.0,0,0,0.5833635486182209,2,0
2.9765558489845687,178.59335093907413,0.0,0,60.0,0.0,0.0,0,0,1.0603720857502532,1,0
12.6845489654727,14393.771768285762,0.21798045736093616,0,1134.7484098540326,256.95415385299896,0.0,0,0,0.9314743068607367,2,0
12.781884933743068,15069.828980460994,0.2723347347006587,0,1178.9989550506712,230.41750144903637,0.0,0,0,0.7475418929071822,1,0
5953.946888854955,7338412.318608174,0.0,0,1232.5290190856026,190.11260172256846,0.0,0,0,0.3577778675177724,2,0
4.840910238965326,290.45461433791957,0.0,0,60.0,0.0,0.0,0,0,1.442369117800704,2,0
1.6438697203444903,2209.8457008126275,0.2366564324875223,1,1344.294911855625,117.03626680333443,0.0,0,0,0.6258701165449401,2,0
3.642216569100952,2349.3225234558563,0.08200463878087239,0,645.0254889801254,127.56857990655493,0.0,0,0,1.3177965927518183,1,0
5260.233719804933,6558167.5944718635,0.0,0,1246.7445257765205,93.96028474466372,0.0,0,0,1.4000599477031428,3,0
0.6418851510806443,38.51310906483866,0.0,0,60.0,0.0,0.0,0,0,0.8063217375836376,0,0
12.209526027949487,11821.8114011706,0.18795111823117447,0,968.2449076326675,187.67093231256143,0.0,0,0,1.0401728480832295,1,0
18.151267609654035,1688.057925023346,0.20248604646145746,0,92.99945113064864,181.0613560569825,0.0,0,0,1.4070895841597642,2,0
2750.2476608000684,3585045.7142695403,0.0,0,1303.5355925824595,92.11799839326974,0.0,0,0,1.225870072209542,0,0
3.436412811093435,439.86083981995966,0.0,0,128.0,0.0,0.0,0,0,0.8220580523398195,1,0
3.339326207221313,2671.2669441048147,0.024813193700013215,0,799.9418979577928,297.27568486920796,0.0,0,0,0.5109140940630192,1,0
29.63783534275061,2301.272224611749,0.2170735348560349,0,77.6464339584314,224.9363047037178,0.0,0,0,0.6131156320595549,3,0
3169.80526633483,4495000.2096762,0.0,0,1418.0682508845919,172.94051665204108,0.0,0,0,0.3988593260995624,1,0
3.775554219226044,483.27094006093364,0.0,0,128.0,0.0,0.0,0,0,1.4786255073749217,3,0
36.74813664144647,28409.12684864391,0.162306463069998,0,773.0766630654848,17.988102738919977,0.0,0,0,1.3795385435713872,1,0
25.59986081490397,31329.09507424441,0.02634252341522264,2,1223.7994300345938,7.427641699504095,0.0,0,0,0.8964859198206551,0,0
3450.4487730990945,5153643.122616545,0.0,0,1493.6153125344592,163.03101747188072,0.0,0,0,1.4708041158077938,1,0
1.415246246694327,181.15151957687385,0.0,0,128.0,0.0,0.0,0,0,1.3100715900862123,1,0
29.102471598840623,12470.650553658981,0.14154312502204416,2,428.50829735560274,146.9992074395285,0.0,0,0,1.4638077703282493,0,0
21.70404251923365,2063.4835033317504,0.08078160423287034,0,95.07369429004464,175.78175699825562,0.0,0,0,1.4299117639493821,2,0
738.6842936031948,985357.4966653134,0.0,0,1333.9358981884975,265.7145287875512,0.0,0,0,1.0069447529493716,1,0
0.8062719899688422,103.2028147160118,0.0,0,128.0,0.0,0.0,0,0,0.7556783678505912,2,0
30.986571858474605,24332.2113877521,0.08706104811404836,2,785.2501883359329,95.84657476042426,0.0,0,0,0.44924042200804476,0,0
28.372245860163705,14289.263039294334,0.14435421773241655,0,503.6352465617569,239.79088956314845,0.0,0,0,0.9452235018071673,2,0
4733.257142088564,5957287.686713089,0.0,0,1258.602165037756,6.526542981391903,0.0,0,0,0.7782727818896685,0,0
1.0739402868982226,90.2109840994507,0.0,0,84.0,0.0,0.0,0,0,0.8176383972531144,1,0
34.570078058867026,26784.714769099362,0.13291063479985277,0,774.7947436939396,186.97508751594665,0.0,0,0,0.7179766546072085,1,0
28.137332064428072,6458.327270329296,0.13666007499432814,0,229.52877179475294,214.20439406062735,0.0,0,0,0.40738096907491356,1,0
2273.2272819346535,2883888.04440639,0.0,0,1268.631635439474,111.86366361778778,0.0,0,0,1.393541229154693,2,0
0.8039292522899133,67.53005719235271,0.0,0,84.0,0.0,0.0,0,0,0.8699882774970772,0,0
43.2425421571073,39349.22405220129,0.2787583261319948,0,909.9655591301513,111.25701992326475,0.0,0,0,0.8639241458586302,3,0
23.414645105571722,19610.484032264914,0.22598506198623236,0,837.5306968713537,128.00314259867352,0.0,0,0,1.0085021989472969,2,0
5349.602626373008,6992792.34279429,0.0,0,1307.1610792772756,143.39504102839282,0.0,0,0,0.9583317089604376,3,0
3.4335877076308936,439.4992265767544,0.0,0,128.0,0.0,0.0,0,0,0.8147422652516288,1,0
23.32769950940711,30270.88014093264,0.16385902606572816,0,1297.636748481162,30.5960240970354,0.0,0,0,0.9689479024802921,0,0
12.487171598451429,871.164684680663,0.08719887365842655,0,69.76477241561241,299.15698076925656,0.0,0,0,1.0292320792802783,1,0
4395.432271718639,6201944.443979557,0.0,0,1410.9976131095204,82.61586566808508,0.0,0,0,0.6035303939319905,3,0
0.7889752492197559,66.2739209344595,0.0,0,84.0,0.0,0.0,0,0,1.0449269044538942,1,0
4.246696542319381,3397.6923528028583,0.20226466449349842,0,800.0789128547362,98.73467248309525,0.0,0,0,0.9899042236513693,3,0
38.17762284567731,50442.00972726159,0.2397785479623588,1,1321.2454303705533,138.563627337407,0.0,0,0,0.7264353273896405,0,0
495.9152999257401,570005.9322641658,0.0,0,1149.401787663176,241.71815191221052,0.0,0,0,0.6728299472076802,1,0
2.3770011409799707,142.62006845879824,0.0,0,60.0,0.0,0.0,0,0,1.3133971021643442,0,0
5.944798089868491,4378.5516540409635,0.031733502439525704,2,736.5349651661297,147.5408089829836,0.0,0,0,1.2966565594010437,3,0
5.8875362847299435,3126.515088830245,0.19415313664982087,2,531.039629758079,192.34142941178132,0.0,0,0,1.3948998179489673,2,0
2256.2061023656497,2767891.7266660305,0.0,0,1226.7902847013286,175.81885155132827,0.0,0,0,0.5826959360009747,1,0
4.618267459740764,277.09604758444584,0.0,0,60.0,0.0,0.0,0,0,0.6516968310293747,3,0
41.57260811464482,39247.65911823109,0.26863714341193695,0,944.0749786493496,13.209773390577483,0.0,0,0,1.4441325859777572,0,0
23.638422735163413,16661.43953371308,0.04443648958262312,0,704.8456540600022,75.95798728436357,0.0,0,0,1.1083191761531457,3,0
4420.000893575408,5962047.191232262,0.0,0,1348.8791823318998,149.71019650344073,0.0,0,0,1.1168894468697874,2,0
2.9732746405698482,249.75506980786724,0.0,0,84.0,0.0,0.0,0,0,0.48820508820516006,0,0
28.01602836695938,16516.313833271335,0.21686584163275777,0,589.5308791430908,103.72337512712205,0.0,0,0,1.1274532874071328,2,0
25.4754903074079,15839.580807847728,0.04714074056813395,0,621.7576430017447,191.9365517802186,0.0,0,0,0.8686996023750484,1,0
2680.810523375446,3498232.387680495,0.0,0,1304.9159413459113,113.85674684414678,0.0,0,0,0.5495124133165381,0,0
0.7977600119063966,47.865600714383795,0.0,0,60.0,0.0,0.0,0,0,0.7544856774294546,0,0
13.790564748158634,17637.986889040207,0.24621441778888722,1,1278.9894548296359,52.424726265081425,0.0,0,0,0.5238463577873118,3,0
40.047247317949406,48554.80828732054,0.011126066935287992,1,1212.438095977648,74.22715899733893,0.0,0,0,0.530869308376456,3,0
1096.6690236211207,1348271.759110869,0.0,0,1229.424493689969,268.8121880175508,0.0,0,0,0.8321153929026619,1,0
4.391588447883764,263.49530687302587,0.0,0,60.0,0.0,0.0,0,0,0.6557631064196239,0,0
1.0151166099839695,488.09535930737803,0.2199664413028818,0,480.82688678996783,125.95280200861681,0.0,0,0,1.3581564525568512,1,0
44.87503431561714,39315.91424942959,0.1943657932127744,1,876.1199818346902,134.82254098941561,0.0,0,0,0.7156248428437779,3,0
782.1003551158784,934687.5018379394,0.0,0,1195.0991912021996,102.06593438648487,0.0,0,0,0.9260859176455402,0,0
3.209108760192772,410.7659213046748,0.0,0,128.0,0.0,0.0,0,0,0.904858174142986,1,0
31.090715173735802,3920.5794772255636,0.18520953956817704,1,126.10129600806073,198.7791475581022,0.0,0,0,0.956266699890239,3,0
4.683823571717521,4844.996017228036,0.08425106263934416,0,1034.410443314673,264.4046985112103,0.0,0,0,1.0925877704646982,2,0
3867.72033275426,4852256.41919683,0.0,0,1254.552036274419,22.26534490777855,0.0,0,0,0.9169442158929635,0,0
4.156780203372055,349.1695370832526,0.0,0,84.0,0.0,0.0,0,0,1.2054001715212266,2,0
11.339914590292501,6962.5576112892495,0.09648003625297569,2,613.9867770476442,269.9639580984092,0.0,0,0,0.38759360888422545,1,0
12.661342904352367,9907.727609324582,0.1911617755678146,0,782.5179117389497,155.773797671123,0.0,0,0,1.204043944489195,0,0
2616.705825164558,3879877.443812427,0.0,0,1482.733521857938,256.53498834250024,0.0,0,0,0.7102322309473492,1,0
2.708735180603854,162.52411083623124,0.0,0,60.0,0.0,0.0,0,0,1.3690655079859733,1,0
3.291326605702997,3841.44444506193,0.2492222027017621,0,1167.1416742433657,35.287957279812574,0.0,0,0,1.3856650324924735,2,0
13.15978044055274,17178.010016727298,0.2687072376654737,1,1305.341688208727,51.700276697585146,0.0,0,0,0.5865263414072313,2,0
415.8933357091263,571358.564644054,0.0,0,1373.810339302141,64.754918215157,0.0,0,0,0.41769339295504476,1,0
2.973145715389018,249.7442400926775,0.0,0,84.0,0.0,0.0,0,0,1.1592906514231656,2,0
25.998636767836096,17212.05595369595,0.035616165482708385,0,662.036863986255,58.5730158029581,0.0,0,0,0.7096206233382205,1,0
3.234542881406868,3968.551610875899,0.07423948644152517,1,1226.9281182476618,158.19497943778018,0.0,0,0,1.4949826309045129,2,0
519.6435704021799,726166.4042916796,0.0,0,1397.4317121438849,173.7952442065316,0.0,0,0,1.434415804244633,3,0
4.322595082504754,553.2921705606085,0.0,0,128.0,0.0,0.0,0,0,0.9040872350131274,0,0
22.35989336721411,25562.24829517071,0.263019564266102,0,1143.2187030306752,191.3033767129413,0.0,0,0,1.3566075192542075,3,0
7.678895843334946,8918.86945851664,0.06896186013371905,1,1161.4781135829514,226.42807653240828,0.0,0,0,0.5611071101980818,3,0
1910.1477064200592,2508205.269152162,0.0,0,1313.0949301575029,202.37234592490898,0.0,0,0,0.8062009372405379,2,0
3.546568277244181,453.9607394872552,0.0,0,128.0,0.0,0.0,0,0,0.7503231102221519,1,0
8.181687263613954,4641.089437349663,0.07224193623265387,2,567.253341250254,141.86299118744452,0.0,0,0,0.663501647318895,3,0
7.901925641874319,7977.129488282975,0.047303867951263796,0,1009.5171544022297,274.1337501212655,0.0,0,0,0.8491456381561056,0,0
5289.60253405584,6249353.3977383245,0.0,0,1181.4410170713884,198.37395567869,0.0,0,0,1.1052157975340517,3,0
4.206106452774625,252.3663871664775,0.0,0,60.0,0.0,0.0,0,0,1.03756058784683,1,0
41.84712404690729,41449.29773219484,0.18165399838309418,0,990.4933415671167,58.165188172579604,0.0,0,0,0.7186340001272582,1,0
43.540706839671635,29022.463979189033,0.18794367539711804,1,666.5593208226361,293.9599586639439,0.0,0,0,0.5742635630115892,2,0
3710.7056296068463,5179640.286060757,0.0,0,1395.8639684952714,60.35115645771477,0.0,0,0,1.4835075221650444,1,0
4.567800324224092,274.0680194534455,0.0,0,60.0,0.0,0.0,0,0,0.508914400327251,1,0
8.092285274957975,9275.790536473369,0.0161674762322038,1,1146.2510553326408,210.3654753678357,0.0,0,0,0.6977551677175184,0,0
28.099857859246065,30153.591780891973,0.22567405896842913,0,1073.0869861311467,295.86027075156926,0.0,0,0,0.48308330295523744,2,0
1011.1423409616074,1438686.4014757625,0.0,0,1422.832714242345,18.68674742842733,0.0,0,0,0.82199234726132,3,0
3.825799403525725,489.7023236512928,0.0,0,128.0,0.0,0.0,0,0,1.2069088945420023,1,0
42.97132909496729,39134.6229661844,0.209548144935796,1,910.7147437701144,185.18022160054306,0.0,0,0,1.4213062908084182,3,0
21.28080890776097,18210.657556745053,0.2269550090775543,0,855.7314543670258,133.2218049475106,0.0,0,0,0.9631225556554476,2,0
2300.3074124049463,2621082.1061500763,0.0,0,1139.448619786763,65.02241811009102,0.0,0,0,1.050855044993149,2,0
1.3968006566960534,83.8080394017632,0.0,0,60.0,0.0,0.0,0,0,0.6875201325480851,2,0
12.467097630716157,11192.396789920886,0.027913523818420348,0,897.7548040006767,150.37898659029736,0.0,0,0,1.3565494253833408,2,0
37.21913254493758,26695.00398488219,0.08005115994154469,0,717.2387468367571,32.84603025644544,0.0,0,0,0.6374245947903356,1,0
2885.7551623780287,3812618.903732704,0.0,0,1321.1858557643145,152.91016288214945,0.0,0,0,0.5537624002343381,0,0
0.5149089634684891,65.90834732396661,0.0,0,128.0,0.0,0.0,0,0,0.37374585279832245,2,0
31.08443512383264,23397.113618411044,0.04941029812827229,0,752.6954736414792,88.93418394124069,0.0,0,0,0.3640759898318301,0,0
1.5970499006354446,1911.009589625099,0.1525545951976648,0,1196.5872756165816,232.92557517418172,0.0,0,0,1.0200405788297555,0,0
1830.1678776203719,2525671.1968653444,0.0,0,1380.02159678886,162.96204022243663,0.0,0,0,0.6151954243863642,2,0
0.7033374238345332,90.02719025082025,0.0,0,128.0,0.0,0.0,0,0,0.8681676763352942,0,0
24.15331703082123,7429.587861507304,0.1424245133757604,1,307.6011403330921,276.25338103393835,0.0,0,0,0.7068112600349317,1,0
16.48068077283672,5709.304110886481,0.10369010823488523,0,346.4240458013418,63.73733316607901,0.0,0,0,1.1525476614383745,0,0
1360.2949177156354,1595019.7696780656,0.0,0,1172.5543842776442,194.66239076355956,0.0,0,0,0.6576832345863148,1,0
3.6718324321169185,308.43392429782114,0.0,0,84.0,0.0,0.0,0,0,0.5087538135806123,0,0
33.82336889268933,25366.487540339735,0.14333140673825231,0,749.9692777741756,170.90706581001422,0.0,0,0,0.43651393389637394,3,0
21.9718816065988,27877.83074570139,0.26585695839327156,1,1268.7957838498849,175.87908097246697,0.0,0,0,1.2605766181635154,0,0
4587.524210600983,6641132.161464994,0.0,0,1447.6505968335764,217.08573560416517,0.0,0,0,1.482055846697436,2,0
0.6215189678355219,37.29113807013131,0.0,0,60.0,0.0,0.0,0,0,0.9517775354533038,1,0
27.50545311715938,29581.610211998744,0.13238150577961535,0,1075.4816539831568,246.6545520863973,0.0,0,0,1.41625977007743,1,0
22.443776433935113,13102.035914662092,0.19742883711432482,0,583.7714501046153,123.64596506763664,0.0,0,0,0.7438417336205365,0,0
5608.97313667051,7907898.671973441,0.0,0,1409.8656704687971,84.72562240433197,0.0,0,0,0.43609131484907054,2,0
3.963790942197396,507.3652406012667,0.0,0,128.0,0.0,0.0,0,0,0.8540868584911666,1,0
22.136453155758517,16997.738123003164,0.09521202791404583,0,767.86186131094,291.6093009580692,0.0,0,0,1.2270135937285,0,0
11.3987736699822,3456.9119516348874,0.2624665259139127,0,303.2705141552552,145.91166557668745,0.0,0,0,0.6631505457751462,0,0
1829.035015523106,2216799.9464506246,0.0,0,1212.005198170915,143.02009186239374,0.0,0,0,0.7503570271100057,0,0
2.5612007941910178,215.1408667120455,0.0,0,84.0,0.0,0.0,0,0,0.491806978890757,0,0
15.453103173684834,10153.974520166608,0.03385865342720253,0,657.0832023860335,156.87865712601814,0.0,0,0,1.3491274121503474,1,0
1.8774292845315377,1599.562067879723,0.25995815024810986,0,851.9959079464614,223.04105869589677,0.0,0,0,1.0871311965404855,2,0
4120.359600525481,4783217.717671906,0.0,0,1160.8738511711183,155.93444648304487,0.0,0,0,0.44581364165647297,0,0
2.2950766310429556,192.78643700760827,0.0,0,84.0,0.0,0.0,0,0,0.8932100059395902,3,0
9.700094535486306,9766.61376414934,0.2815808428518445,0,1006.8575856059634,105.78991335738006,0.0,0,0,1.3502137533596699,3,0
17.14288736439794,12591.459818939225,0.2694081595954151,0,734.5005279034241,297.9762547250843,0.0,0,0,1.2774433803489007,0,0
1532.0831789556303,1700540.3818451196,0.0,0,1109.9530398893362,127.05987026845962,0.0,0,0,0.5763025562575697,0,0
0.9516151266298631,121.80673620862248,0.0,0,128.0,0.0,0.0,0,0,0.48651607803540686,1,0
34.13586331621573,38723.763728349724,0.07084155074785212,2,1134.4011829914546,298.40559826485827,0.0,0,0,0.716792210410037,3,0
27.039300706105333,15399.783294434104,0.22172159311573705,0,569.5333419239246,289.7719234734937,0.0,0,0,0.8664959966548407,2,0
713.956857914744,800542.7201371418,0.0,0,1121.2760424702542,121.10439218400155,0.0,0,0,1.0431618198834092,0,0
3.788547721618218,318.2380086159303,0.0,0,84.0,0.0,0.0,0,0,0.8205251741244918,2,0
27.246139483961944,14366.827345868254,0.22121229182667665,2,527.2977243005412,210.5657487110164,0.0,0,0,0.9971365888303525,1,0
21.62981420350456,24207.077030891236,0.24643493384197093,2,1119.153257773666,29.494099153756448,0.0,0,0,0.5402368266244536,2,0
664.1601346952355,762563.8586779683,0.0,0,1148.162647593848,141.28171766602665,0.0,0,0,0.621480924268259,2,0
3.719713964844412,312.4559730469306,0.0,0,84.0,0.0,0.0,0,0,0.7544227389086156,3,0
9.50394635283672,1193.72556647528,0.25846075155492354,2,125.6031465412238,184.0867529803408,0.0,0,0,1.288314359920848,2,0
17.59621626849788,17098.074987649074,0.01673011054744399,0,971.6904320083507,229.48820603666425,0.0,0,0,0.5541806796646314,2,0
803.7535076211399,916825.2037729784,0.0,0,1140.6795679019747,240.49747714248352,0.0,0,0,1.4515504509463595,1,0
2.096270058343057,268.3225674679113,0.0,0,128.0,0.0,0.0,0,0,0.9130007330152925,1,0
16.48195174944827,13060.149739511908,0.15023670560909527,0,792.3909703199497,48.92540707092857,0.0,0,0,1.4825940874964516,3,0
24.23351401957799,5426.040243644121,0.008049741233409758,0,223.9064561276785,181.28262138761164,0.0,0,0,0.8795706425295787,3,0
4470.780089043004,4342679.565485125,0.9145258992402204,1,971.3471651464522,106.04539301033623,0.0,0,0,1.0912943773802737,3,0
4492.439122230285,5998462.612794437,0.995262719913508,6,1335.2351472303276,206.91652594914228,0.0,0,0,0.8646724548626081,1,0
739.7039295123383,83119.3673714883,0.7758763609742654,6,112.36842749542521,196.40633114490691,0.0,0,0,1.0237263740120028,0,0
809.5557995999554,772809.0188083581,0.8423484519144501,2,954.6087115801581,155.37242913570336,0.0,0,0,0.46402664457760434,0,0
1760.6725549732826,2084563.2310174587,0.8863613491781389,4,1183.9584965014071,115.00066938217215,0.0,0,0,0.4134779493791953,0,0
2893.678307464067,2903555.3474901957,0.7948171652457672,5,1003.4133165392474,202.6378253558251,0.0,0,0,0.7886993610679316,3,0
4277.680239394054,3756757.682173697,0.9780921160578864,3,878.2231190580651,139.51739727344886,0.0,0,0,1.0297298406799453,0,0
3510.340530796163,519002.9522681355,0.7999986537681589,3,147.8497449791354,15.575640695980885,0.0,0,0,1.3599154048597049,1,0
1663.8845252915348,484259.6539561529,0.7413024270504619,1,291.04162373966676,51.92710941547667,0.0,0,0,0.598224371232452,3,0
752.5859705811429,394784.9478297605,0.933721434067034,6,524.5712294170321,290.5389638158621,0.0,0,0,1.1379583513360219,1,0
2169.9054009766987,2360104.376241351,0.9597359934321519,3,1087.65311850878,18.755615475867504,0.0,0,0,1.4265211098241282,3,0
4604.043820017,3486732.025884143,0.8047775935304495,4,757.3194700547547,259.49982662539145,0.0,0,0,1.2447762831840763,3,0
1398.4153832216123,722712.6040428268,0.7521218985200687,6,516.808247902616,192.0196336605401,0.0,0,0,1.1486798053290483,3,0
3913.3459713139164,4788907.670953328,0.9664662709136598,2,1223.7373608307469,64.77504764493762,0.0,0,0,0.8856778547019699,1,0
1392.153757980401,1263819.5422237269,0.9676561186910106,1,907.8160619680051,154.98870031319208,0.0,0,0,1.400758496144936,1,0
565.3148811637263,96303.88845031503,0.855150016941286,2,170.35441956183624,221.92812255657165,0.0,0,0,1.4258752294874362,2,0
1671.3694792578808,1624834.087411029,0.7430928698618838,1,972.1573282123625,259.529448460502,0.0,0,0,1.2880666871683042,1,0
831.3839435800435,204680.33715889684,0.7736880095967678,1,246.1923143205264,155.52429977232134,0.0,0,0,0.37002136658085,0,0
2119.1208275537265,1255298.2960036222,0.9870022478702505,2,592.367494897738,17.405622834533997,0.0,0,0,0.894477362323773,3,0
1898.7788682243072,581584.4900270681,0.9940045493880478,6,306.29395542565317,130.16379625551735,0.0,0,0,0.8599976316846865,1,0
2535.0830987711315,2632897.7209790973,0.8033889329508137,2,1038.584384967649,292.0638875036522,0.0,0,0,0.9289334615455133,2,0
1683.7955471114208,2144297.863081519,0.8643517885763261,2,1273.490636532504,223.69668997308221,0.0,0,0,1.0526458494666957,3,0
2991.983705967223,711508.6944470649,0.9171049984042079,5,237.80500309143707,111.262624713963,0.0,0,0,1.3673731222227592,2,0
2093.4671740771896,1909817.9175543438,0.8538641620449359,1,912.2750722834719,216.3572454694781,0.0,0,0,0.3759811546347869,0,0
3401.4378455218093,2740633.7994824913,0.8970275873649296,1,805.7280256026712,221.58801742237455,0.0,0,0,0.7365200253360983,3,0
4065.8300912770615,3892736.201124835,0.9868089886874201,4,957.427170770469,236.2305058447679,0.0,0,0,1.0206665531696015,1,0
4606.956383533776,1363751.6914831563,0.7955298780077998,4,296.0201004631799,289.7869602041672,0.0,0,0,0.8608635699478221,1,0
3730.863860442711,1159654.2435289936,0.9583969873871466,3,310.827274032826,119.77315754886834,0.0,0,0,0.7170863076084462,3,0
4919.791120302353,6495919.754052112,0.9076360196976571,4,1320.3649494885253,169.35833902716885,0.0,0,0,1.1863202489441746,0,0
854.8295175012431,683713.8556325594,0.9537466879448581,3,799.8248090813794,2.2043591009433983,0.0,0,0,1.3630951737021912,0,0
4337.281730664401,2952197.511603857,0.9077924573290386,5,680.6561563045221,177.97238923777164,0.0,0,0,0.6095879318261486,2,0
1566.081330629222,1510413.5071135664,0.7432836827991101,6,964.4540660648261,172.59241647123736,0.0,0,0,1.1955780634670905,1,0
3058.992029706805,2858114.271479011,0.9153463147682572,3,934.3320426215535,276.78053034986334,0.0,0,0,0.9706376735952084,0,0
2144.1433072039463,1425944.158160479,0.7732006285623423,1,665.0414425983357,234.6879853491253,0.0,0,0,0.7019827741843045,1,0
557.6762849787926,229545.80073942602,0.9928309395561639,4,411.61119259025907,52.37163452800024,0.0,0,0,1.0726383878982868,0,0
2711.5513772307427,3470097.4146181857,0.9694002318834745,3,1279.7461422848392,187.9524425129284,0.0,0,0,0.4496410847826179,3,0
421.49002988989446,396893.5578105437,0.7744242130589493,6,941.6440002488882,10.71504465098786,0.0,0,0,0.6092109011017515,1,0
2381.3388259492776,957901.7821487742,0.9958824245675422,3,402.2534599909041,16.50502571073156,0.0,0,0,0.4474771192447274,1,0
2927.4734859287287,210406.59767826914,0.9694613322530962,5,71.87310105099672,35.356698144129616,0.0,0,0,1.0690538112295835,1,0
2426.3352502208145,1953708.7558807381,0.7054615248313711,6,805.2097317149129,11.619824262444546,0.0,0,0,1.3495748731182662,3,0
562.4220666287933,690948.5688985541,0.8211890742996301,1,1228.523221075161,78.47739735277655,0.0,0,0,1.2894359219402574,3,0
2828.332255053501,2315222.2418511994,0.9008888996585814,6,818.5821300572073,149.4290591313107,0.0,0,0,0.7634796207134245,1,0
2791.391156921568,3306447.25512782,0.8220250226535063,2,1184.5159167066618,292.64969212222724,0.0,0,0,1.3438194943451376,0,0
3157.7621812016882,2513090.6331062745,0.7227654687225818,5,795.8454401876194,95.30496385880906,0.0,0,0,1.1060340408411133,2,0
768.4388954827326,745778.2407530432,0.965696394054622,4,970.5107916024292,161.61887915931317,0.0,0,0,1.2814077476407246,3,0
3154.7013354947426,2852852.206319247,0.7033966577018711,6,904.3176842830487,268.95637508585816,0.0,0,0,0.964316769485523,0,0
506.18986377876837,544461.5549481881,0.786914088331753,1,1075.6073835294073,125.50474412011609,0.0,0,0,1.4086400048613656,2,0
1146.8343481698407,249793.0947945183,0.8059138964610759,3,217.8109638878074,73.80837918514128,0.0,0,0,1.2741590403439929,3,0
2495.3133262358983,1729507.5034691961,0.8733185577602032,2,693.1023392072785,245.06585289349064,0.0,0,0,0.461140690532325,3,0
940.5393554493403,883116.0697571895,0.8341781405289428,3,938.9464296635232,165.6054874248244,0.0,0,0,1.251044172326543,3,0
980.1911589863605,240999.52572938142,0.8935138546608036,6,245.86992396320417,280.4748703392598,0.0,0,0,0.6065452261072599,3,0
4541.509242247042,4943197.402339853,0.9319204974943618,4,1088.4481652830602,125.90909690020618,0.0,0,0,1.1203746597873314,3,0
2469.0901408065943,3246386.661092329,0.7670210073251768,4,1314.8109125055312,107.92328359802676,0.0,0,0,1.0906766133866692,3,0
699.997273838376,596995.1395272329,0.926081537741352,4,852.8535207768173,163.43292305845404,0.0,0,0,1.0110305883744317,3,0
3559.367419889938,1400305.807163443,0.8131069247817404,3,393.4142340401438,297.72547249527713,0.0,0,0,0.6319981680935585,0,0
4112.561075216617,5530490.384452896,0.9319174849051317,6,1344.7801219977248,44.1094894767034,0.0,0,0,0.5348360382393492,2,0
3230.8390945145707,2960586.4311717344,0.8883696059293434,3,916.352174949944,38.84644370821779,0.0,0,0,1.1775013289080922,1,0
4418.361979226141,3664346.087311672,0.9606286268099096,4,829.3449256852125,273.67314090383024,0.0,0,0,0.9392016880241378,3,0
3994.326395919559,4685333.927000517,0.938695667884296,2,1172.9972622635103,157.0074504121249,0.0,0,0,0.6746148671893284,1,0
3172.575574440898,394218.3708430135,0.9043797270487001,5,124.25814975660163,291.8969478195929,0.0,0,0,1.0208249933245757,2,0
1039.7991565498576,1063709.1543042317,0.9188690073731014,3,1022.9948231865369,52.88077819011825,0.0,0,0,0.765289560093543,2,0
433.1995951740239,402646.8866192217,0.7540818863279058,6,929.471982672263,233.65735771693437,0.0,0,0,1.4882657279907692,2,0
728.0539042845626,541018.8688798343,0.8105571172541683,1,743.1027643639627,23.098852786165992,0.0,0,0,1.4519376616492359,1,0
4170.386362575664,509591.61780883133,0.7089683127101185,5,122.1929033678557,44.83742846435763,0.0,0,0,0.5397114648201488,3,0
3587.936548714191,1075114.539374918,0.7391584755344563,4,299.64703243155367,158.3859050711167,0.0,0,0,1.4444540387758753,1,0
4591.7490636691755,466915.1876753647,0.724355991964805,5,101.68569344733793,43.67781972781779,0.0,0,0,1.356500154726458,0,0
2159.901577651126,1994558.925318911,0.899729661412669,1,923.4489876561765,57.77483864339169,0.0,0,0,0.6378781242201097,0,0
1944.5242982536597,794725.153473743,0.7227704235948487,6,408.69900889768803,271.71196001147007,0.0,0,0,1.1165056902055093,1,0
2392.557340356874,462404.30339853716,0.7364160121007568,6,193.26780411856916,251.55678006353355,0.0,0,0,0.9464719575441112,2,0
4172.971536913839,1373837.254077232,0.9017708070148229,5,329.2227713331748,90.8622195238527,0.0,0,0,0.875280905913174,2,0
4118.089308695788,4756780.192649427,0.9232831542443213,1,1155.0939856027344,252.13265580499578,0.0,0,0,1.4432481477477759,2,0
4341.453224692961,726745.8082797301,0.8757145933050309,1,167.39689930233615,98.9183253001452,0.0,0,0,1.1431060026804238,2,0
4986.742788661372,1178871.1000812808,0.7148739792660613,2,236.40102368258172,48.99913725539308,0.0,0,0,0.7108163377571812,0,0
4529.007264625103,4153797.6356466315,0.9048986344566653,5,917.1541119156209,223.41778354849188,0.0,0,0,0.5397391782046028,0,0
2423.7151223905475,3184086.177672695,0.707430683851383,4,1313.721298455316,62.38359214853402,0.0,0,0,1.0408515169199664,1,0
888.4202557252454,637749.9565001925,0.8001433612439711,3,717.8471589209514,297.9976744107659,0.0,0,0,0.7529890230267704,1,0
1319.1468356186258,804411.4340336912,0.7230440650087452,5,609.7967355214518,224.06390952234258,0.0,0,0,1.0454732505718338,0,0
2461.6770989105753,1221670.726538805,0.9819566015852665,3,496.2757816934886,97.32655630456097,0.0,0,0,1.163368412426139,3,0
4604.916962868969,4442273.614388223,0.9247927930484796,1,964.6805035156561,241.11060499933396,0.0,0,0,0.8448476465422553,3,0
673.2767536549123,253444.95151947386,0.9737757166057621,5,376.43502488929977,134.59214215443055,0.0,0,0,0.6488231660141415,1,0
3286.504257021063,1237019.2831389366,0.9080024602938503,3,376.3936348161586,69.78543733421046,0.0,0,0,1.413706247185262,2,0
4292.084387127898,2960856.4713626043,0.7346437098869228,6,689.8411597503326,201.78237018875734,0.0,0,0,1.0246487857560123,2,0
4823.222518119362,2148009.4715603585,0.9675634475568848,6,445.3473716982678,242.65880175297818,0.0,0,0,0.5807007587380175,0,0
2404.35882940912,221896.10996916308,0.9651690197219813,6,92.28909897101127,156.30113277348954,0.0,0,0,1.3293113219216985,3,0
1800.4981199180222,1355372.401632226,0.7655481635914794,5,752.7763492993466,56.71178050485091,0.0,0,0,1.1322573812086172,2,0
3068.505173463048,1186819.5599171564,0.9509528330642558,4,386.77450185874636,67.44011597865968,0.0,0,0,0.5062700076083678,2,0
3086.5526381860564,352493.1215593451,0.7021045530017043,1,114.20285440733733,294.8516036071565,0.0,0,0,1.0538433807376677,2,0
4246.723313772106,5511338.245668356,0.732837927909262,5,1297.786043134741,11.340269676970738,0.0,0,0,0.5548904252800957,0,0
3805.1574420190664,666327.9981015276,0.7212451859715948,5,175.11180765964974,176.57325495574614,0.0,0,0,1.146503654933158,1,0
819.4713454648995,144460.68850411955,0.9562007085725783,1,176.28522254449865,206.4140753988145,0.0,0,0,1.0648607704481026,2,0
4175.3907900247605,5831786.470751762,0.9963317664860032,2,1396.7043479341437,162.89216473587172,0.0,0,0,0.9247356964552782,1,0
3436.358700052943,211361.37087140736,0.7407911679595099,1,61.50736559258234,190.93504338393325,0.0,0,0,0.6308609488782131,1,0
4748.479705598554,5030904.359127445,0.9365025074780906,5,1059.4768580764717,163.90894609144374,0.0,0,0,1.4743692008433649,0,0
1807.7498793845496,589840.0203075296,0.9967883396683179,1,326.2840877679059,114.86678424847341,0.0,0,0,1.084264971484052,2,0
2947.1706442827413,2119054.7928058384,0.9944041892886465,6,719.0132668146051,198.247341888097,0.0,0,0,0.638740912177663,0,0
539.2496878014204,120431.96179491436,0.8464821267954318,1,223.33246456929547,243.0996243174295,0.0,0,0,1.1480130919100984,0,0
3647.769586826211,247453.5645948183,0.8129091012774694,2,67.83695041717766,265.15621468422404,0.0,0,0,0.4543285892536887,3,0
1786.9858700245027,950082.0283668508,0.8994491775043274,1,531.6673423689822,284.8401991039468,0.0,0,0,0.9985926162848886,3,0
2827.580575588479,1108582.4305566247,0.7078031405186158,1,392.0604208868231,37.46713974320506,0.0,0,0,1.3845068743731521,3,0
4316.580698307143,5431583.791069317,0.9121104233028037,4,1258.3070190717042,166.14701979377332,0.0,0,0,1.348810253870876,1,0
4443.285279297584,512722.0173366019,0.7956447934249361,1,115.3925496806398,231.24578974172184,0.0,0,0,1.3019588704901492,0,0
4370.594456889561,5420998.128418857,0.736025146892162,6,1240.3342798994993,100.1097033255504,0.0,0,0,0.5673560500185173,2,0
2339.893753826199,2938913.3339814367,0.778644558312551,6,1256.0028972151918,197.431342752845,0.0,0,0,1.3870573520327705,2,0
3770.453806647764,1351851.9851238965,0.7437292106059238,4,358.53827004601374,270.14109801154683,0.0,0,0,0.7400707568430049,3,0
4407.495851545335,1398782.1558218675,0.8373872884430068,3,317.3643726360929,193.84609852154273,0.0,0,0,1.2630033927267816,2,0
1617.253465715981,165587.70385198665,0.9386492067997084,4,102.38822012892,159.3453014161178,0.0,0,0,0.5682553813204358,3,0
1127.7765098988862,1253864.292496059,0.9800219226220472,5,1111.802100407711,226.10765347428793,0.0,0,0,0.8973240443240071,0,0
3430.3158682386415,2855882.9930146234,0.9753242653083601,4,832.5422796942105,255.8975525054156,0.0,0,0,1.4186003647080963,2,0
3999.504813773293,2393989.432429688,0.9116761201572774,1,598.5714591929951,157.69355742159686,0.0,0,0,1.398772383435896,3,0
1585.141247316813,827182.8623577772,0.8219285793475677,4,521.8354287089301,114.77038135463098,0.0,0,0,0.9204277729044142,3,0
419.4154623030731,379287.2314420255,0.8850475199146415,6,904.3234347138813,225.3430593286365,0.0,0,0,1.4538399547281404,2,0
4875.098877387939,5043900.996325312,0.8997154402870671,5,1034.6253733889018,16.116675650503044,0.0,0,0,1.091644715152518,2,0
4170.899196584061,1323122.9694902264,0.7668526956630247,6,317.22727093808817,62.23024994376922,0.0,0,0,0.775585316042827,1,0
4679.2041673550575,3056043.984241031,0.8672581617630701,4,653.1119128252261,120.46627805581444,0.0,0,0,0.5370154492447952,1,0
323.46369169972775,414940.23760496825,0.8174277474485925,6,1282.8031344864462,275.4860155821171,0.0,0,0,1.3506473866900843,3,0
1591.2703517330945,520028.00925088726,0.7623580951675171,2,326.80053938321106,106.1954561598795,0.0,0,0,0.9045347856270032,2,0
3323.392619537131,2673780.2241979707,0.7099671082045539,6,804.5333580148482,133.23447373938404,0.0,0,0,0.8261806847122545,0,0
2578.1282750993837,3149483.014548342,0.7994243406939406,2,1221.6161022581134,57.25256864250792,0.0,0,0,1.2602880194427089,2,0
3621.921154610359,389800.42561103485,0.9416162288552269,3,107.62255967799194,205.26042227626866,0.0,0,0,0.5617200413730964,3,0
2941.5878841218782,1033866.4662503868,0.7803531226946894,5,351.46543532865286,122.45781747015349,0.0,0,0,0.6947818847292416,3,0
1336.4018938534493,1247897.8979405256,0.7411497699185522,6,933.7744159747284,228.62844182487586,0.0,0,0,0.5708108029142692,0,0
699.8314193626364,475926.3729532704,0.8505676439326342,6,680.0585966642009,296.90596682614535,0.0,0,0,0.6191910649652222,0,0
2784.331014968103,1318340.196394469,0.8350023919107415,1,473.4854402394292,30.14324147315407,0.0,0,0,0.9470058372211033,0,0
4045.3821474284673,1924487.5288399083,0.9077206458152343,1,475.7245319983551,109.01191406669413,0.0,0,0,1.106814247935275,2,0
4550.7207084722595,5579544.735063464,0.8072312229731781,4,1226.079360281505,130.1273607129661,0.0,0,0,1.4046566586878955,2,0
2460.348334680468,3380817.5484926286,0.8588480833635395,3,1374.1215017554434,275.30956250940073,0.0,0,0,0.565673636529569,0,0
2122.0165240539654,1545317.9988356417,0.7690502123146369,3,728.2308979778436,175.5391666066133,0.0,0,0,0.4513622788419918,2,0
1760.7117631425951,1200972.1116698424,0.9838203034906041,1,682.0946714902926,186.73574474045662,0.0,0,0,0.9089532511205868,1,0
2279.974270270115,1583651.1545921653,0.7398871349118176,6,694.5916781791339,8.857965599120732,0.0,0,0,0.7588852241166835,0,0
1449.835106680403,1941538.9968770023,0.9426491727156157,4,1339.1446985460457,281.76862474321047,0.0,0,0,1.170814885098199,1,0
3835.8871774969166,4531461.114151409,0.8619226134276251,5,1181.3332625461587,210.53793309637587,0.0,0,0,1.0964965898746017,3,0
1446.00610028472,465665.67366308963,0.7429277565233022,6,322.03576013365335,181.4990543911039,0.0,0,0,0.9608861297015426,2,0
3163.8837210902557,484065.6835195054,0.7489747477891664,3,152.99730527160435,255.62461894919582,0.0,0,0,0.4858787111371894,3,0
1231.0082981605462,1703143.4318124317,0.97114492276991,6,1383.535297330961,199.66673392691797,0.0,0,0,1.2415609104434657,2,0
836.215397379055,762894.8744685783,0.8610576618979314,5,912.3186165427175,197.39875379547277,0.0,0,0,0.924151007869477,0,0
1821.3916184152297,1829679.8965187166,0.8813628765234173,4,1004.5505195146876,32.3375874597872,0.0,0,0,1.182349703802935,3,0
4785.766361389806,3311014.4917837624,0.9795896506690627,6,691.8462460884176,205.840650846794,0.0,0,0,1.4097896603988023,0,0
4934.68774341404,1590814.376560411,0.8832375263879586,1,322.37386827232433,200.40396205757395,0.0,0,0,0.40123413334234587,3,0
581.482173746148,796477.9417032194,0.7448599732076036,1,1369.7375047148566,83.41673248056767,0.0,0,0,1.0384290446142868,3,0
4282.955466461782,5483162.189309945,0.7056906709587625,2,1280.2286253608127,133.46340801347782,0.0,0,0,1.0885999881495216,3,0
2286.4431856295796,3031066.7430635695,0.977177280530684,2,1325.6689525958877,128.92133098763608,0.0,0,0,0.5482024070071434,0,0
1842.075110669151,1195562.0534126156,0.9204114791061996,3,649.0300240679744,138.14011481985844,0.0,0,0,1.275821411740122,0,0
1763.4832768276835,2309237.194462708,0.9348076324323098,2,1309.4749606113517,6.936814735725827,0.0,0,0,1.307386857033604,1,0
1279.0269983747587,1267777.8595940634,0.7151572642177532,3,991.2049246849446,289.2609501392549,0.0,0,0,1.1040579437094853,3,0
892.4133078478013,248045.30602032333,0.9690347784465057,6,277.9489098145842,117.7107562010061,0.0,0,0,1.2459319794318229,2,0
4734.41476394034,3533508.509638411,0.935815719988901,5,746.3453638560295,227.21703921403613,0.0,0,0,1.431408643280383,1,0
907.240736866413,904183.9436713131,0.83680069296807,5,996.630670261062,178.43680979415373,0.0,0,0,0.8349994503495246,2,0
4794.308699522059,3531536.617417677,0.8296512124708879,4,736.6101848572523,106.04146474903148,0.0,0,0,0.4405021811462856,3,0
4955.3842123653085,6769582.916230494,0.8735890070139425,1,1366.1065673451042,212.83801304287454,0.0,0,0,0.9141505876579714,0,0
3713.4920731586535,935853.355837499,0.8871141545885889,5,252.01436744726183,235.9166379859146,0.0,0,0,1.0416755949949246,2,0
2978.4892325749265,1865488.403781301,0.8221104458594362,6,626.3203450188646,238.3918233628853,0.0,0,0,0.5957480521227554,2,0
4660.381882770309,369153.9335118386,0.7125135081491584,4,79.21109102166525,247.79563015288855,0.0,0,0,0.564264246881162,2,0
1061.3730324341414,1017764.3702311814,0.8594964462710777,2,958.9129732239867,75.36530264947598,0.0,0,0,1.3358658762579478,1,0
4755.981598704125,1248807.8255320196,0.8477649392534464,1,262.5762525810204,60.901612716138786,0.0,0,0,1.2961792272433081,2,0
1843.2319170058352,1559711.9921359804,0.9294163257350949,3,846.1832598198455,279.28779406542236,0.0,0,0,1.0902464027235732,1,0
4853.877192578966,1797953.0240195363,0.9528987548052253,6,370.4158454541052,293.68666293000035,0.0,0,0,0.5869405842131047,0,0
4828.4707298089725,3453613.120305372,0.861772561539478,4,715.2602373633953,88.29597329868322,0.0,0,0,0.953968823469478,2,0
4728.713826465463,3135723.319390718,0.9625392121866805,6,663.1239348511292,167.04888550019254,0.0,0,0,1.3903153472048038,3,0
4814.762467368102,4511344.125673202,0.9784883905774895,4,936.981659271603,37.45072116868111,0.0,0,0,1.3828080595597916,3,0
755.5224688896726,52957.043695775676,0.9325046073703036,5,70.09327435834193,205.74745457038242,0.0,0,0,1.3550558150525913,3,0
397.56315629018866,504369.1994813379,0.8919933195802081,4,1268.6517638802263,56.92393215548375,0.0,0,0,0.9475846398617725,1,0
2400.548784643602,836733.3748745963,0.8094643219824927,6,348.55920455656224,53.80493939284807,0.0,0,0,0.5515681314376983,0,0
1591.3553478236681,2066863.5743453947,0.8732226250186927,6,1298.80706856079,279.9575635820638,0.0,0,0,1.2620269608193517,2,0
2882.5060505341726,1586688.0638105508,0.7968058617008492,3,550.4543740737381,225.25809185324255,0.0,0,0,1.0507808853448584,1,0
4126.660200904431,724620.307571854,0.8242630307722673,1,175.5948569288648,183.98136136083752,0.0,0,0,1.2505086219785182,0,0
2816.2637140927095,282963.63590182766,0.7601542008885799,6,100.47483638903026,66.61400521140793,0.0,0,0,1.324375547050436,0,0
3486.6094813358973,1930199.6163087795,0.9999746058451693,4,553.6036159602313,267.7022211973416,0.0,0,0,1.411009582808001,1,0
539.6308471757577,614349.6891878799,0.7386462911892371,4,1138.4628814367727,205.70493713156023,0.0,0,0,0.5693831571905935,3,0
1408.291689974514,1457079.7665691131,0.8747089302481268,4,1034.6434456312684,121.21890586075696,0.0,0,0,1.1784222613796587,1,0
4933.409623688635,1806588.029495322,0.8270780209756069,2,366.1946133198977,63.470887722062095,0.0,0,0,0.9444452030446078,3,0
2058.6574026904404,1843535.3441911158,0.9356099316921708,6,895.5037111963439,113.45432678236622,0.0,0,0,0.6295119026120519,1,0
4415.021150574831,5738910.952246899,0.7469468687960992,5,1299.8603532170391,3.818136451192211,0.0,0,0,1.4545119291408395,0,0
1154.2761354429285,1071545.9883206156,0.7334343355819273,4,928.3272480630754,256.1799003905617,0.0,0,0,0.473439678664313,2,0
2665.6818570713694,2261158.789371891,0.9095937641760073,4,848.2478069817736,122.96285187552031,0.0,0,0,0.8610410239319812,2,0
3724.8818960790404,3428452.038746139,0.8077891081753393,6,920.4189916343562,122.02645349974944,0.0,0,0,0.42720566865570664,1,0
1426.5071640028166,1653587.8441484584,0.8182849196111099,4,1159.1864982356258,36.11352259204711,0.0,0,0,1.4737617058408188,0,0
3934.638951822616,2184119.6620486206,0.9128792866125255,6,555.1004015341448,157.0085889387858,0.0,0,0,1.125399668062702,0,0
3707.1530103754717,5105157.916739132,0.7632986264483143,4,1377.1101172384754,11.096943122867486,0.0,0,0,1.3991664705304174,1,0
2089.0844884353633,852475.1325320712,0.8167501816790363,1,408.0615873848833,130.32832565333172,0.0,0,0,0.9811389370212784,0,0
2488.9271907351795,3213290.228488557,0.8044006991915493,4,1291.0342417607706,97.07235631522151,0.0,0,0,1.3495325148398476,1,0
345.7384617935355,61313.88037561929,0.8302874300373065,4,177.3417977784435,274.135493623729,0.0,0,0,0.997730906675622,3,0
830.8758741351585,802041.8053863659,0.8470467765598293,6,965.2967794030542,165.42407182391995,0.0,0,0,0.4012422016410051,0,0
4088.429026027131,990999.9770071959,0.9527271950450696,5,242.39138571281134,19.713300014844748,0.0,0,0,1.4836150124240004,1,0
604.329458971831,574471.1368946016,0.8550952968546233,6,950.5926417553292,114.60485546284792,0.0,0,0,0.7945966282542413,0,0
3386.960873190267,564782.1872092036,0.9958086859744144,1,166.75190778841812,138.27826760014037,0.0,0,0,0.6388421457673439,2,0
2518.957019305538,2259858.479034805,0.7750256346334781,4,897.1405473436125,203.07039065091024,0.0,0,0,0.8724209229059594,3,0
3914.3421380338864,2663637.066593091,0.8977308034399901,2,680.4814123711207,1.5768243727923625,0.0,0,0,1.3675508151066822,1,0
4183.099413308242,5315330.140011261,0.7198008619987937,5,1270.6678983293834,117.2061968559064,0.0,0,0,0.855905615908405,2,0
4855.008949420701,3470322.754620532,0.8073543082824741,4,714.7922466825958,242.30492123630853,0.0,0,0,1.3977554351546937,0,0
4575.522586042183,5806282.552834619,0.9310910211273338,5,1268.9878464477301,74.27786947141412,0.0,0,0,0.5678615413492009,0,0
3858.6656592406466,4277408.646881443,0.717783082563736,4,1108.5201529803444,218.80724168678876,0.0,0,0,0.6465191167327428,3,0
1631.5795576363687,961018.6519784697,0.7660640312466303,4,589.0112115468492,257.6836725741304,0.0,0,0,0.5381778930873595,1,0
2536.6534656247336,1249583.8808777514,0.7985079033650722,6,492.6111894318212,170.38634881150787,0.0,0,0,1.492877856697595,0,0
2763.699761282004,947640.7474183866,0.8933344297281258,3,342.88845723921986,165.24895483774026,0.0,0,0,1.456277112965854,1,0
1648.4690109103735,1864266.6205284481,0.7203172918370596,1,1130.9078958656914,165.5533787812916,0.0,0,0,1.0502571638046452,0,0
4347.075276907504,1730312.3924539082,0.9698803050823832,4,398.040586425006,108.45429491896942,0.0,0,0,0.4863110993121943,2,0
1407.6731264826049,132985.9941812772,0.7255738216908267,5,94.47221210621055,286.21288514154315,0.0,0,0,0.6771658693992467,2,0
3139.180801124052,3801557.4754229737,0.8611288312654257,4,1211.0030343144758,124.97757822996874,0.0,0,0,0.6962894925692473,0,0
1550.303770173037,1737496.6255584003,0.8299564719338662,3,1120.7459202427597,47.85543544042421,0.0,0,0,0.5669818638225104,2,0
2964.575222127234,1404835.2974009498,0.9964382903580021,2,473.8740602415575,275.1203543466443,0.0,0,0,0.5476278465674655,0,0
18.837531298396314,11114.871998433899,0.5205172898368366,143,590.0386745146449,161.6966947318575,0.0,0,0,1.4311009740582632,2,0
1.9311313653998465,1282.838785263231,0.7156437373421767,47,664.2938995491979,140.60996025070276,0.0,0,0,1.3711129141971798,3,0
24.702469572862007,2948.1115818887597,0.6659656496174235,56,119.34481178867793,183.52583734879067,0.0,0,0,1.3661921471317369,3,0
5.986655875681501,6007.929150787601,0.885892655408057,30,1003.5534487947629,75.44853610419787,0.0,0,0,0.8441598350273432,1,0
12.389213874687776,4299.780202077132,0.6469403815380652,28,347.05835620950506,91.39288097349319,0.0,0,0,1.1431375031153466,2,0
40.66087353043531,13390.53268210727,0.588131158911176,45,329.32230715811465,218.47494059576974,0.0,0,0,1.3406632313050122,2,0
23.484455371995878,16878.185755464903,0.9522057730721417,91,718.6960688724915,109.32995328675281,0.0,0,0,0.8739466476256595,3,0
17.215526913197444,22447.055062076965,0.5746347128706848,86,1303.884288599324,85.62176132293253,0.0,0,0,1.179385496872616,2,0
7.752571551850114,9354.9000147065,0.5476490841335602,73,1206.6834794287063,288.7218668044144,0.0,0,0,1.2186492164056064,0,0
20.72997214253147,19594.13070316475,0.8652022273413571,124,945.2077681746457,50.35800439635382,0.0,0,0,0.8776589230719016,0,0
13.2981124144003,9644.189820349971,0.9770666090592213,94,725.2299815052279,41.18804778661964,0.0,0,0,1.3627487911228626,3,0
44.331407929311,28915.17032201212,0.769286197609522,94,652.250214297706,96.59215557123349,0.0,0,0,0.3881205471540216,1,0
16.491005048798574,6321.204400104942,0.9157444302406468,45,383.31225910124033,6.78158697717306,0.0,0,0,1.3355483149464022,2,0
36.362683409267426,22124.403435868895,0.8368511899978551,99,608.4370393366032,48.2936297385998,0.0,0,0,0.8409496907552088,2,0
2.1649998994049287,835.6051083327626,0.6412954392700294,74,385.96080700162474,33.567391681494954,0.0,0,0,0.7567790074881469,0,0
21.439953498776312,14925.781391677832,0.8958762713077559,30,696.1666867668217,278.0417184978415,0.0,0,0,0.3873848959592634,0,0
28.32635667586036,16045.911142135485,0.7824948977458684,31,566.465759283818,10.173602107144742,0.0,0,0,0.43768423409708557,3,0
35.438131403815376,33270.697445588194,0.6052584433369124,103,938.8389321793127,104.29831887968298,0.0,0,0,0.5559465410972668,0,0
34.946570172457456,43176.14820993137,0.7959441353728482,127,1235.4902926628238,27.729260862984084,0.0,0,0,0.6565126167870348,1,0
16.463508980536,20313.526227784485,0.787828952870123,81,1233.8515593364798,56.80157943056714,0.0,0,0,1.33328172431866,1,0
25.7360491879562,20093.71903771644,0.568715148072318,20,780.7616037320823,171.76899256890457,0.0,0,0,1.3763436349568021,3,0
10.578333274948342,11256.347449545294,0.6234915191903079,74,1064.0946127309703,194.7597573713822,0.0,0,0,1.4628082052916795,3,0
13.061476632659605,17646.18782049937,0.6883914588824177,97,1351.0101741770843,186.31968724578743,0.0,0,0,0.6219012885902064,0,0
11.34586066691078,6601.077991771033,0.7945691343607171,78,581.8049582631052,214.8585218388191,0.0,0,0,1.3804591725591129,3,0
30.826791388246967,4958.6264111456985,0.9808880347506767,61,160.8544447164302,246.22958875679586,0.0,0,0,1.0628189302921454,1,0
38.53020251083656,11595.807256182909,0.9893762555407022,126,300.95370645720345,268.1133453824831,0.0,0,0,0.7779180298570991,2,0
44.99972512366059,34145.46023628336,0.7097243671014921,67,758.792640231704,212.89421478353898,0.0,0,0,1.220519376462535,1,0
39.965018118768334,24469.42674394504,0.7927279315710178,70,612.2711284960917,260.91560596380936,0.0,0,0,1.22594913126471,0,0
18.757556611780913,21513.53904752489,0.7509010409197708,141,1146.9265156855797,292.92173210936284,0.0,0,0,0.8022401326190116,2,0
41.28580083472325,36444.77864933495,0.8921422711619169,132,882.7436530838279,135.42302896294996,0.0,0,0,1.375961529273999,0,0
37.57052399199158,23773.221160473557,0.7546953428054717,34,632.7625658226376,257.80249645002067,0.0,0,0,0.4128910800206362,1,0
2.0660606166998443,1050.5230935372963,0.6266604249761747,87,508.4667337666577,90.99429140907101,0.0,0,0,0.7437380623522584,0,0
25.31835227865506,30139.26061223152,0.5330676496643207,75,1190.4116144888617,222.98645670640528,0.0,0,0,1.4289419726837855,2,0
1.3696627542642807,1419.871420793039,0.8079307934675033,39,1036.657685530573,93.81757885752232,0.0,0,0,0.6667383230937032,2,0
39.68988222546455,17966.809260783717,0.7550651957563355,92,452.6798330798883,60.778946818239966,0.0,0,0,1.0659513052905623,1,0
23.21139856594606,12784.882191100998,0.9159630803046332,79,550.8018896309839,33.20200856970084,0.0,0,0,0.7893227261502602,2,0
36.22032350543322,9379.689289221804,0.8400494851977371,115,258.9620517280804,275.92134827168695,0.0,0,0,1.4052369684709847,2,0
11.333159810599183,4672.803067595878,0.7339559544607659,112,412.3124658690247,147.69899153638528,0.0,0,0,0.8922415729851575,0,0
10.904939151073044,14314.822368502624,0.5904315146817039,136,1312.6916317633966,228.96215940900683,0.0,0,0,0.8746281755871637,0,0
1.2037201421626196,553.6044829865084,0.602986020513199,124,459.9112896722782,43.371714157018246,0.0,0,0,0.485858031516225,0,0
12.964948486796658,5439.899032209334,0.7307288345772304,32,419.585086492959,287.20818677065347,0.0,0,0,1.034773042816219,3,0
12.654577011026282,11936.508419887092,0.7020040508251517,22,943.2562154773315,101.96561649440052,0.0,0,0,1.313051114071662,0,0
5.09340464903758,5441.030526606521,0.6972093852577674,130,1068.25019834908,104.26642055494668,0.0,0,0,0.4118099399190481,3,0
17.371288017950587,21260.971490620137,0.7781093175279978,99,1223.9145116153825,226.51178122694265,0.0,0,0,0.40305548405910124,2,0
20.957307339616058,19293.469967709323,0.894501551362859,128,920.6082468065185,68.59663764249984,0.0,0,0,0.38501290643727015,3,0
33.465934371255166,25930.723691950087,0.9146568867100343,86,774.8393755957018,293.4930278347142,0.0,0,0,0.4976368483480925,1,0
2.2772033418350848,3027.699899372838,0.8426620192848622,71,1329.5694081201223,151.32423764520402,0.0,0,0,1.4883462675718482,2,0
22.305965078230933,8606.18092297968,0.9848901006929969,148,385.8241906501823,266.69744021894365,0.0,0,0,1.2713271232301042,3,0
13.079296003413468,9960.098457753342,0.9089224489153044,72,761.5164038763195,65.55743585295664,0.0,0,0,1.298602181680188,2,0
6.692066274681999,7581.505054843421,0.6686549457218778,67,1132.9094398730663,23.03926031131509,0.0,0,0,0.5258191871371491,1,0
2.9438961106956123,4032.559333289565,0.5073905440891366,66,1369.80354661249,273.1255317694762,0.0,0,0,0.6757678333375507,0,0
29.740988117927472,5737.080555664072,0.6478241452488095,139,192.90147768176658,235.95596018492054,0.0,0,0,0.9245367743291493,1,0
7.533713583691711,6308.741943418808,0.8613775941091129,121,837.4013523789106,162.3447517573562,0.0,0,0,0.3856786325385452,0,0
3.950238578802748,1049.7141412119674,0.9057090244477723,28,265.7343652215858,65.9712202901893,0.0,0,0,0.5275850763794542,1,0
24.0983310351677,7344.108596909585,0.5493880944668299,59,304.7559014021353,1.2376517901866335,0.0,0,0,0.7150328054218211,3,0
21.788798644038934,16222.045740983185,0.8975586479261846,79,744.5130870224126,177.5217243072669,0.0,0,0,1.4927512134143601,0,0
36.5654671331382,11032.506619995025,0.5535850021730553,101,301.71928557140166,231.92193029808237,0.0,0,0,0.4591793728978671,3,0
40.739349388635596,42603.27783387838,0.5347288464171066,92,1045.7525334403779,2.983838720735188,0.0,0,0,1.0669970167145983,2,0
20.982957712483277,19196.420296453598,0.6838762733673085,141,914.8576935382745,177.3815002308347,0.0,0,0,0.7135256914655213,0,0
18.99682417684368,20481.99269163955,0.9226100458186935,109,1078.1798315850197,65.29571748395442,0.0,0,0,1.021637040934335,2,0
7.703312172397714,3377.494667680253,0.8357461829877226,24,438.4470721285831,231.25888704683285,0.0,0,0,1.2525143658889863,1,0
41.78507593590227,43238.556286108724,0.9653247803041816,121,1034.784676529871,34.99569810696235,0.0,0,0,0.8499720431462949,0,0
7.900447209442261,6595.196194823132,0.6503338278254247,144,834.7877050479939,91.546195026129,0.0,0,0,0.49018081023443594,1,0
19.036672774719698,20580.815012455092,0.7926349460013773,47,1081.1140820672183,123.18150382641588,0.0,0,0,0.3635070184186965,0,0
36.782172673066285,40448.26357042314,0.5698928870213382,93,1099.6703193675492,101.31648502693342,0.0,0,0,0.6061557175859683,0,0
42.64072892562646,22454.865211196367,0.8599479600982802,52,526.6060355197474,31.451658525286106,0.0,0,0,1.3048126448263013,1,0
40.96739452455453,20515.98032644167,0.5414309940190021,59,500.7880184849211,206.18981884128408,0.0,0,0,0.8862317955081779,1,0
15.589330802555041,3222.2892069346653,0.9008931398797992,90,206.69836619327768,134.92013357224545,0.0,0,0,1.489061453982755,0,0
38.5253826342912,38995.46804454778,0.5671175267886956,149,1012.2019660315628,114.79423317687235,0.0,0,0,0.5703552115290395,3,0
39.432108088433175,52742.33639288751,0.9661976554930185,59,1337.5479767554882,295.358841377086,0.0,0,0,0.5770466476932823,1,0
21.984697227395657,6039.969356424315,0.9454907088589262,34,274.73516209710476,83.39768781528424,0.0,0,0,1.3870402367515209,2,0
30.612041707709338,35627.842667221135,0.8969548511890792,63,1163.8505855768717,216.71989606503226,0.0,0,0,1.1734392505255458,3,0
17.761156561474454,10978.147232559535,0.9237593536366205,16,618.098669113256,224.84665480186425,0.0,0,0,1.0303836229882275,2,0
4.928627494610918,6298.239325795319,0.7757882495270882,130,1277.889094414615,0.4045183145928277,0.0,0,0,1.4521631525585281,2,0
19.259543667270037,9139.754322827574,0.5798078276523786,20,474.5571588157518,135.11444810892866,0.0,0,0,0.5895484678035241,1,0
7.4898880710770666,9705.084728120994,0.5669445911423046,88,1295.7583125438316,131.90569695652547,0.0,0,0,1.2100282659075359,2,0
40.074170856930365,19367.8945801782,0.5918060403267071,72,483.3011929136082,49.94535112307038,0.0,0,0,1.1576158277328124,1,0
31.58721948926334,17973.48553225798,0.5838677787548419,78,569.0113223915533,59.142545964467566,0.0,0,0,0.5398886679625696,2,0
19.867697973187465,9234.981494620835,0.8531798608185224,51,464.82393214774777,160.98823140905995,0.0,0,0,1.3779078409021617,2,0
5.54720673204858,2947.7610097988236,0.655712113667912,126,531.3955567526176,218.00056751273843,0.0,0,0,0.3576309383977136,1,0
13.301796098130762,7943.087788625083,0.6144468169523599,103,597.1440044657794,62.62706059209585,0.0,0,0,0.9400582719118836,0,0
9.39290713028892,9684.799834086307,0.9934942496506232,55,1031.0758639203545,240.8384573491834,0.0,0,0,1.394328860582101,2,0
12.749608856930724,12402.517863246678,0.7873645313666393,32,972.7763418016258,159.51549639916558,0.0,0,0,0.8638485091069569,3,0
15.856497556816167,3033.998087478045,0.6440810126124896,133,191.34099927217738,176.56226444914626,0.0,0,0,1.4162506063474365,1,0
21.616470949152284,23677.920445497773,0.866946423630504,22,1095.3647568650115,161.77447139744075,0.0,0,0,1.123410161936586,3,0
24.410519363479462,2592.8241972931437,0.5135315855447226,144,106.21749413378986,174.87364115464595,0.0,0,0,1.2919315963266809,1,0
23.9658016048645,30728.844271592327,0.684395331301195,95,1282.1955542415526,241.08605231339945,0.0,0,0,1.4899994423467815,3,0
13.147332532149285,18057.377642117077,0.9805700904547474,140,1373.4632175736954,61.50914641324944,0.0,0,0,0.4726355851395223,2,0
32.863786195190144,22169.229563025827,0.7193135085562681,32,674.5792901449212,233.88646066706906,0.0,0,0,0.49907830140283777,0,0
40.227337727753515,43644.38502241015,0.7691733471943152,61,1084.9434113135246,211.86338810077498,0.0,0,0,0.8169816132131709,1,0
44.65786673933377,35649.6638390182,0.7204290173035197,136,798.2840749448221,168.98410493174572,0.0,0,0,1.0795496584088378,2,0
19.164516175292288,11274.416488035009,0.5216920174959678,107,588.2964320576206,205.71445293967,0.0,0,0,0.5732994312040706,3,0
24.628237349661298,19312.971828981645,0.970635209937981,97,784.1800269659675,155.9997527293011,0.0,0,0,0.5808795248465416,2,0
43.169783673110636,46995.808938155526,0.8271112257090143,85,1088.6273902601931,131.34089573431297,0.0,0,0,1.186273249710402,3,0
23.526203279635883,32838.21346013693,0.6252198928148653,116,1395.8144061673336,139.31048962023596,0.0,0,0,1.4665935715721692,2,0
11.529869302361135,4810.4778772954305,0.6910088174223756,69,417.2187690202456,50.865314898179626,0.0,0,0,1.196801101249704,3,0
27.18620235045962,22828.68672261126,0.8109109980035637,17,839.715912812122,81.23403755891778,0.0,0,0,0.7422087212468306,2,0
31.180468879447798,5689.9688285554275,0.7045243841221601,33,182.48503095172813,30.14198920356568,0.0,0,0,1.156217547913907,0,0
26.495631803270236,23517.79225671707,0.8968842319502123,125,887.6101702852912,198.9192852258685,0.0,0,0,1.391257597830093,0,0
34.87073945943035,10127.34789356571,0.7468103113365769,123,290.4253838765928,6.458390619157461,0.0,0,0,1.32288582237564,0,0
32.473110704623096,5998.588102350463,0.7897948990605375,139,184.7247760435979,146.0417384262521,0.0,0,0,0.5764542708318892,3,0
41.67230198325978,4609.962657763574,0.6312818554303181,40,110.624142136795,98.77283938432161,0.0,0,0,0.7703045470490528,2,0
29.6231760063721,17016.620476887856,0.8631111848857009,112,574.4360588894147,169.60149661770177,0.0,0,0,1.2511684058850678,2,0
26.34828008048499,26095.971885609517,0.5190921484732971,101,990.4241113991214,96.07957004402236,0.0,0,0,0.5352238212559751,3,0
42.64325111452842,10807.500318439012,0.8626862244937381,133,253.43987702562697,87.83249856557718,0.0,0,0,0.5798513663527884,1,0
31.1496487222342,32434.044054535403,0.9795049780617526,101,1041.233059921617,157.62103051923228,0.0,0,0,0.6298544041308161,3,0
18.042324561967312,21755.360928377868,0.7162010237599233,21,1205.7958969565111,132.73184921301245,0.0,0,0,0.8709131193867495,2,0
12.076024654707531,13742.900760929488,0.6346577630013215,81,1138.0318568306473,206.26493537489972,0.0,0,0,0.8005567611445771,2,0
30.570684936641307,28892.24114805949,0.7955668905515372,63,945.0962975785317,242.1443473680072,0.0,0,0,1.2777519082453996,3,0
18.215463622663954,17530.572569982298,0.8487595069710994,19,962.400569819727,227.1236283746986,0.0,0,0,1.0692858608884865,0,0
15.464514874123568,19012.52309456829,0.95128554119906,78,1229.429002417756,48.19771462565768,0.0,0,0,1.1874354298762428,3,0
39.10409134869524,49415.328986805784,0.6583211981895162,125,1263.6869259066568,260.94191881392044,0.0,0,0,0.5046786963482489,1,0
29.65290761788723,18207.219088462774,0.941095367795002,114,614.01125727987,261.7375139354463,0.0,0,0,0.6008187215105011,0,0
11.183134512374725,12238.472117063462,0.9495815267007839,20,1094.3686766461542,23.803128068570178,0.0,0,0,1.3880016376154667,3,0
38.79834819180465,45961.032036384524,0.9977880497966157,76,1184.613113145184,135.72418944304277,0.0,0,0,0.9220888832244744,1,0
9.250651578304392,1777.4608098299977,0.7180335151856101,69,192.1443905636536,195.3740581480935,0.0,0,0,0.713700403206952,2,0
31.378770518629924,15171.150509626272,0.8601911396383548,63,483.4845425386884,50.01670498535415,0.0,0,0,0.7638284103688826,3,0
19.009487600102705,21222.182964720585,0.803003616747442,133,1116.3995269712543,298.17697912068564,0.0,0,0,0.9084974498988502,2,0
22.641606616037492,3926.0960373414346,0.801807558814732,64,173.4018307057991,191.85012110892276,0.0,0,0,1.273237752474448,1,0
33.78053727802616,23778.048053394516,0.7299216679940567,88,703.897864551191,176.05160923107158,0.0,0,0,1.3625102346416247,0,0
23.331792132517,9958.539177029581,0.9502875221224731,64,426.8227284243025,138.72464775932565,0.0,0,0,0.7050137838881287,3,0
34.00260619860819,24149.984512379473,0.6712594863152601,21,710.2392202327123,42.77705784275345,0.0,0,0,0.7812817394509313,3,0
17.382206111427685,22726.263651167756,0.5024193327281221,82,1307.4441475082208,182.05295456794778,0.0,0,0,0.8753280989499219,3,0
21.688898228818932,25440.953522574095,0.8078707859467942,102,1172.994278186508,217.33397435573735,0.0,0,0,0.891514748709432,0,0
12.071534333004545,15415.044523206205,0.9736011760370585,88,1276.9747488569233,260.72980128769024,0.0,0,0,1.450324769636162,0,0
6.2193908492061265,711.5628260766729,0.9326771198063946,132,114.41037286915329,182.3007104973675,0.0,0,0,1.3314254164545432,0,0
18.9872376750058,8698.728488419638,0.8679566084946404,73,458.1355454285153,173.07571680821388,0.0,0,0,0.6750123436579107,1,0
21.15425997212722,28360.753412435864,0.9245283010215077,49,1340.663934819932,270.23353157803075,0.0,0,0,0.8486789871915217,2,0
12.51830415839092,14813.411417819261,0.5036016101043737,83,1183.3401098414715,171.55205439405583,0.0,0,0,1.4073729874111094,2,0
32.20207726485782,27361.62330383695,0.837264062064516,31,849.685039843586,237.54678229526684,0.0,0,0,0.856455991053786,0,0
9.072678584046368,9643.629731526538,0.6155439385145232,47,1062.930824914722,210.6303251651177,0.0,0,0,1.141686802993737,1,0
37.07619836685432,19965.870661340363,0.6716590838994516,90,538.509112066614,42.74529546024689,0.0,0,0,0.9996958077631226,3,0
41.05050929586184,8212.539774188212,0.8847980199114227,117,200.05938817952955,36.171944580040474,0.0,0,0,1.0563027646411494,2,0
23.355250394927154,22858.397992030023,0.6781244813939902,45,978.7263080251519,41.59461933932933,0.0,0,0,1.031048497612602,1,0
25.238547042456265,11459.686648887055,0.7538393842454443,147,454.05492755227067,244.03384937913668,0.0,0,0,1.0484894691633468,2,0
17.222978739751234,22416.256743579044,0.9433362236125404,90,1301.5319290757495,59.36925085459731,0.0,0,0,1.2813981580352625,0,0
27.308053187231675,16787.992039681267,0.6169698568101588,36,614.7634151939753,105.76454270166461,0.0,0,0,1.03275601213978,1,0
8.667717488177342,8961.374260078383,0.8463319198763533,125,1033.8793658539962,265.6008127613617,0.0,0,0,1.200761587888472,0,0
31.63183530725004,42790.560266159366,0.765026725114552,42,1352.7688118795857,172.83362389296275,0.0,0,0,0.6953122715906135,3,0
44.9625828166848,5550.505831262121,0.8574867648131105,123,123.44721952232754,14.188541503854813,0.0,0,0,0.5758598216857898,1,0
28.75857418313291,26631.495556887152,0.7877215252975345,95,926.036714730687,191.35617508296178,0.0,0,0,0.5268212657428091,1,0
25.081318386946524,27063.119983767985,0.7786759530591378,36,1079.0150488202758,52.53799454254894,0.0,0,0,1.109538341901807,3,0
15.710391497727759,3591.214062579529,0.5707835636302708,52,228.58845135074688,168.1445156149691,0.0,0,0,0.7965986545800132,3,0
28.158304398602297,32641.428180859184,0.6528709900350425,21,1159.211425474874,177.01639737094732,0.0,0,0,0.5759028734791287,0,0
39.49709558726971,32843.749064502015,0.81845576988948,121,831.5484613782049,168.58161615835354,0.0,0,0,0.8036493330445434,0,0
23.653600402010227,24561.12258052298,0.612987432676842,110,1038.3671899029641,112.9492674064075,0.0,0,0,1.2755347081571873,3,0
17.075611464925448,14895.990574872094,0.9338083278506899,40,872.3547385386196,252.23165850376276,0.0,0,0,0.636791192383678,3,0
16.19688858751426,5670.347240241663,0.6959462704824018,115,350.0886734883624,254.0657442895286,0.0,0,0,0.5571921656278789,0,0
8.541561819931886,1847.454190876904,0.545456353860917,73,216.28997481067654,91.84811929068682,0.0,0,0,0.5683246868361818,0,0
7.540885978554608,5944.392994369667,0.8002820729405871,72,788.2884068629098,139.91196452215945,0.0,0,0,1.3149835163193402,2,0
17.964813125039324,11454.469730372628,0.8801545024074771,140,637.6058381819407,187.1591430802038,0.0,0,0,0.4365311744509738,3,0
35.96800140328157,2563.497455024049,0.5915218617925758,130,71.27161240574702,13.216463496999298,0.0,0,0,1.3065795580474413,3,0
32.24721520758607,18134.800966866518,0.5724347120380311,129,562.367970385249,200.81589192257067,0.0,0,0,0.8223566231885127,0,0
28.311984906095677,38386.73363197373,0.9083448068486479,34,1355.8474885916219,45.479579622094036,0.0,0,0,0.866094228727826,0,0
32.013866409520844,8478.975812665489,0.8296182115425379,96,264.85322654260415,298.7868717671014,0.0,0,0,0.8364914585999883,3,0
3.9182953344783122,5397.215895876462,0.653691059986462,103,1377.4397882631927,273.6616219361395,0.0,0,0,1.0153185837607221,1,0
9.443586343165952,7939.170301707105,0.9288589769810287,28,840.6944155757575,295.0743823864591,0.0,0,0,0.4342959750520215,1,0
14.222770155583381,4915.305395693577,0.9514801986580097,91,345.5940960814862,253.90475264086695,0.0,0,0,0.9873447890941983,3,0
14.262502826641226,19245.07350321109,0.5934699282800211,127,1349.3475680343297,115.89196639130698,0.0,0,0,0.8998288349598119,1,0
19.674745151245425,14820.584621627959,0.6433421993467934,105,753.2796235833227,251.66107467555906,0.0,0,0,1.4090127844872904,0,0
31.942395220267105,20158.545802877175,0.8684830136789173,142,631.0906137084797,85.55153848767102,0.0,0,0,0.37847466453139045,1,0
13.960531680652185,14240.90686870364,0.5545184971726004,25,1020.0834176279994,264.0126122213829,0.0,0,0,0.7510997717155276,0,0
34.568569587855244,2412.9021490978357,0.9392873796203738,130,69.80046261288015,33.74903651910325,0.0,0,0,0.8719763516369722,1,0
38.979384947334324,48543.949959066915,0.6895276331123192,37,1245.3749597294936,240.27059045068287,0.0,0,0,0.7141254861347737,1,0
7.19249905508324,827.2854536152894,0.7082531288909985,94,115.02058565174397,255.1249326266731,0.0,0,0,1.2267437442083848,3,0
29.073157871373866,21049.128504177334,0.5062086767690965,56,724.0055792117035,203.62740161298336,0.0,0,0,1.122498955953804,1,0
37.20657692001837,19534.202020489898,0.6726526830351357,20,525.0201345445421,35.18847606673234,0.0,0,0,1.4951113870774595,1,0
32.277677648496876,9192.560346940167,0.6603241042479491,53,284.79621263484086,237.9760093626212,0.0,0,0,1.1719895912899352,2,0
6.280109505758079,7573.400761975867,0.6142397270444873,118,1205.9345071980035,32.582641183505146,0.0,0,0,1.2959917989755054,2,0
38.17147906968815,7414.930804014907,0.653921913913196,76,194.25316976787207,234.91413665132586,0.0,0,0,0.767805939912241,0,0
36.31311107489091,34161.20972954849,0.6358653833565509,110,940.7403749873038,118.38848719542564,0.0,0,0,1.411967017030543,2,0
36.06380817328723,10683.153237658518,0.8582079969739811,112,296.2292053663823,98.99637093150501,0.0,0,0,0.7944250550307821,0,0
20.19573611774839,18484.748754497723,0.5727520233659477,112,915.2797722610854,165.9619635807219,0.0,0,0,0.8754908828647906,0,0
3.08368901153185,3215.8024033233937,0.6129172462833086,143,1042.842644409825,262.27518183744525,0.0,0,0,0.9398457017561068,1,0
20.458155687322645,22591.53775789779,0.6431834126462608,52,1104.280273509559,29.654870585229965,0.0,0,0,1.1810228027846839,1,0
43.75587573862113,33973.64985761554,0.7828543145870315,31,776.4362907637727,191.97085216286206,0.0,0,0,0.6287291500190855,2,0
1.6884723980854304,1191.1658104017777,0.5756884245188927,48,705.469518928736,258.8025340048743,0.0,0,0,1.499642883532002,1,0
4.313199675762279,2082.104673953698,0.8567452810400102,79,482.72856127063585,200.07077527961488,0.0,0,0,1.235698524465155,1,0
23.38909463953086,7732.3173634584045,0.752900478752199,101,330.5949838002579,13.461135583769801,0.0,0,0,0.6342030357211067,3,0
28.740616543873298,21231.35565782035,0.5467023844235709,43,738.7230411501484,210.53824003119513,0.0,0,0,0.6510164258867372,2,0
16.31879853756135,2471.365286647074,0.8109304394192144,58,151.44284555990296,175.31396117723423,0.0,0,0,0.4134533584665978,0,0
42.74074810593002,19784.661833053553,0.7541944277844246,98,462.89928720991554,66.43898396239766,0.0,0,0,0.8247625872571966,1,0
6.105867595535674,2981.238880806908,0.7582067465569113,126,488.2580295364824,200.38271238457983,0.0,0,0,0.5367863439010853,2,0
7.543584262958914,9361.94847085402,0.5491943814630476,60,1241.0477757667236,228.98159258243393,0.0,0,0,0.9391218690375586,3,0
29.61850251359791,17682.887937940344,0.7595031893566475,131,597.0216735239095,194.26423519309088,0.0,0,0,0.8550964294883521,2,0
2.434591947880225,1205.9748565641564,0.760169611153556,39,495.34989122681793,86.92228784764468,0.0,0,0,1.0309675414636126,2,0
17.34598852723638,13513.989796639045,0.7980370247367444,37,779.0844422282192,43.63973710229712,0.0,0,0,0.9659531975284776,3,0
12.909641593210676,9199.409781325057,0.9999187029472962,40,712.5999366367482,92.76880166996634,0.0,0,0,1.2075994689340868,1,0
38.57772499182388,39816.219479361826,0.68646514988534,16,1032.1038756899334,239.32416858407427,0.0,0,0,0.9531869306438879,1,0
34.24562855174147,15628.344693470182,0.9549843417132251,109,456.3602817176339,235.72019048914314,0.0,0,0,0.5518256040196793,3,0
37.193043976602354,14575.639410762436,0.9913691253746388,41,391.8915434814041,157.36092013347792,0.0,0,0,1.097454175497486,1,0
40.24784918297477,49721.66565337056,0.8429515162249517,121,1235.3869004856863,106.20973074320604,0.0,0,0,0.5720448494436994,2,0
14.264135855230958,18158.930879033032,0.6761824817049094,119,1273.0480881092963,181.13782364018874,0.0,0,0,1.499045646158153,0,0
24.198490825170023,16217.023684830143,0.7668981509792991,145,670.1667389919222,207.83902853845072,0.0,0,0,0.8671018603461198,0,0
20.669995135094357,3897.3231391076624,0.6743608579719302,60,188.54978502102446,227.4767431430774,0.0,0,0,0.4065917336219353,2,0
38.85400322878242,28430.665581064564,0.9977509127050658,55,731.7306639848011,44.30018444509805,0.0,0,0,0.42250833881716077,3,0
44.57831529643055,10429.212395448636,0.9344888384476047,114,233.95259166027114,235.11492436656007,0.0,0,0,0.8418457056589923,2,0
41.476643974352044,48464.914145185096,0.6676645877460136,132,1168.4868760151953,47.76314226855226,0.0,0,0,0.778425724984672,3,0
28.97249554928375,31343.68687116685,0.7758526352457399,80,1081.842840146427,271.1417353460011,0.0,0,0,0.41202018068771035,2,0
30.28054122139773,22238.35073285023,0.566895896495768,59,734.4106094489325,46.843986028566086,0.0,0,0,0.7877538804399404,2,0
43.58954803116168,49830.38829364874,0.05044112747236557,6,1143.172860109161,11.598483128393633,4.472947375867552,43,1,0.8809416174011735,3,0
31.466845574659345,17434.86029325329,0.1628964336714771,3,554.0707997529249,57.821234907628885,4.105665530513502,28,1,0.924082018115126,0,0
43.93006046098913,36826.23219083622,0.061987921003463974,6,838.292317479024,64.10549511274037,5.581074686825499,32,1,1.256206453109224,0,0
24.29349712533379,3948.7428272935867,0.043458857335022104,5,162.54320269006274,276.4502945359244,4.549178876122038,39,0,1.3611619302915452,2,0
1.922426684350461,2667.996439018521,0.15724170368946144,1,1387.827406234724,93.12219857123773,5.534143932299058,44,1,1.1788670553748222,2,0
14.02667323873229,13901.593073707938,0.015702816806984796,3,991.0826920328504,115.10156939282771,4.787441212364701,58,0,0.7462610374057639,3,0
33.835875981807554,44236.49502702348,0.17137232073759714,3,1307.3843588624097,274.1589841669925,4.039601923248121,57,1,1.2382532604990282,2,0
17.715106927061807,11972.039180012956,0.1921891017813403,4,675.809591740275,125.54758719676948,5.277491682270538,52,0,1.2495045157511389,0,0
6.17491232551836,7570.510491928013,0.2559588230769656,3,1226.0110091996323,56.87277703733958,4.036842446569969,44,1,1.082243390817705,3,0
6.215534343078091,2168.4830887093717,0.003984210757880702,2,348.8812013603135,108.26139398915518,3.9725721701341628,54,1,0.4839354096325079,2,0
30.093823652731462,31700.880396053595,0.2585320330879059,1,1053.4015471701705,160.6136048783964,4.263926238479349,52,1,1.4305411685168838,0,0
4.963109459415432,1023.5496046588075,0.24800544880198513,4,206.23151937885405,241.12012263196232,4.026025938871014,46,0,1.4272778533038353,1,0
32.7357275201755,6057.93470315244,0.19556148369009643,6,185.05575290541037,129.38006472663614,4.3720552548062335,36,0,1.299776097113352,2,0
15.323433080491146,2521.8930409842756,0.0325726854301057,5,164.57754784696354,224.92650019065334,4.047077893780891,36,1,1.216977904312036,2,0
33.42975262126765,6789.028127663872,0.23912774902002493,6,203.0834090990181,137.07899445043188,4.7900324970220955,42,1,1.3946633471302898,1,0
9.035364936511419,2687.8236716539855,0.29711956795690375,4,297.4781528516503,101.15273483191419,4.912441469669354,57,0,1.2913558764811812,3,0
29.100846585936765,2060.772656396061,0.03445083325519734,3,70.81486960561303,3.405149243778627,3.9104306964639974,62,0,1.275320703535878,3,0
3.46054060873888,1903.7302538614051,0.08634301994604805,1,550.125101567636,252.13312726660718,5.370216015680962,56,0,1.3065655710321682,3,0
42.36503727827411,51824.69242034983,0.048872094074586946,4,1223.2891967010466,163.8246757874563,5.392551164123933,56,0,1.3036206993868809,0,0
40.843060082807476,12001.461283233435,0.03189394032203164,3,293.84334226918867,15.510576035331924,4.063964830101458,37,0,0.9411663548512846,3,0
44.36886065587652,36240.64020860582,0.16751531456340102,4,816.8034894942894,100.9438911242772,5.21579613437882,63,0,0.6613980746805339,0,0
7.869195096343072,5080.017991507085,0.022511923576542935,1,645.5575099247244,117.10068468941127,4.145563065956949,32,0,1.3379577890704102,0,0
38.11857971688682,44660.76907790653,0.15571970005263855,4,1171.627311657718,60.27593951169856,5.200918512690429,29,1,1.4344292993418257,2,0
4.899075236734476,3422.18958354826,0.22513600418371993,1,698.5378705531683,1.11441529478723,3.987087327852887,57,1,0.8532035192710283,1,0
9.950968238749496,13494.483823516211,0.294876885167862,3,1356.0975675681602,270.14763645567746,5.790157761584435,45,0,1.286951414424309,1,0
41.006728741090065,36757.385810508255,0.07308716085942647,2,896.3744960635245,6.745002850969984,4.642300184237039,39,1,0.9496557210928713,3,0
8.017309451356025,7199.991484639061,0.16355348294194205,1,898.0558288692816,250.36831399248294,4.446998269430427,47,1,0.5776501165736718,3,0
30.630585047903267,18576.768538960656,0.29383741270509445,3,606.4777577675512,31.797037394673232,4.841353774575438,62,0,1.182934773392497,1,0
2.338369548083393,1436.1088128943575,0.2858310879848103,1,614.149638610989,257.7266636132796,4.056257026194241,63,1,0.9015824836671977,2,0
21.154510693759182,21407.617015778913,0.059922969952712124,6,1011.9646502669713,157.25155938783556,4.83628989005953,33,1,1.1357732692248277,3,0
30.977904917462073,2768.6750456387203,0.10337079409746648,3,89.37580036531243,131.62434437745404,4.198186617450824,49,1,1.1261067678779697,2,0
10.979482704525156,8721.848372636476,0.22751518102717533,4,794.3769854513998,140.04114564937106,5.754221591734745,55,0,0.792431717725903,3,0
28.571740224658853,2132.88888125416,0.23792936943932483,3,74.65029656868325,252.38509987604576,4.8336617510592825,50,0,1.0396360399389102,1,0
29.113640448352108,7661.763051297569,0.05770322869337043,5,263.16746835180624,164.81026935823127,5.401151159663615,63,0,1.2000142082148066,2,0
41.82922877687298,49077.59447440483,0.20118720037700852,5,1173.2847080733034,78.94445133660479,4.465943705344058,50,0,0.9417435644349025,1,0
44.69822745829423,38801.665534671556,0.13416812384290688,5,868.0806318522481,254.5121560191202,5.167827571614719,56,1,0.6397872518326279,3,0
9.841539929108972,4790.429968959917,0.17129847538413331,3,486.7561381111655,181.19682175976823,3.9287493932122213,30,0,0.8139917546527576,0,0
21.689615714256966,19973.54586242695,0.13853457558118434,3,920.880578317392,94.75327668308951,4.318141281532991,30,1,0.5211195573441554,1,0
41.845357263196576,3439.267355162773,0.29447102900649025,1,82.18993886300606,275.10724014973664,4.205085300480396,41,0,0.5969796360198076,2,0
1.9097841552931327,2023.365752196923,0.02301439237012881,3,1059.4735256280082,182.06603685241495,4.458863971542485,56,0,1.3040410834643286,3,0
29.108416481492164,13590.274224637778,0.19493413987644326,6,466.8846975334026,15.101499351198001,5.061578316085159,60,1,0.6065793380386832,2,0
2.0446265368504415,2611.984271870695,0.10296990437739512,1,1277.4872206707323,181.41323515641824,5.633408721819439,53,0,1.1984470898268362,2,0
37.46323384327485,32599.728079473905,0.20736271738313686,2,870.1792326805763,229.55406382269277,4.078699092528244,42,0,1.0084939875893797,1,0
44.54613833279125,24382.96015077454,0.15779482420495738,6,547.3641725937393,173.6556255544955,4.956974441784651,51,0,0.9131589803136957,1,0
22.79716658147411,4810.61597631144,0.2551042618375476,5,211.01815259010036,279.5630043128099,4.547561109069484,44,1,0.945355844026252,1,0
36.08434528450425,34905.05627281581,0.052437822776433315,3,967.3185420882538,149.62047941355084,4.738857123681664,49,0,1.1118639022423888,0,0
19.701165666304018,12435.070182199692,0.22695880032789018,1,631.1844889192558,211.94096011349214,4.244214400017529,40,1,0.7547997812210321,0,0
10.147341821795717,12780.47380523371,0.07798149127883643,1,1259.4898279451104,197.80268532816024,4.890413934874258,31,1,1.4061582600767508,0,0
14.82109994230278,13958.399342309564,0.1583687140933431,6,941.7924038464329,81.95785542344939,4.491076387384649,44,0,0.4931624451847295,2,0
38.64255320391981,45573.926704226644,0.05270895675159319,1,1179.3715198819662,61.77986521092889,5.386993360819103,62,1,0.5550534728358336,2,0
20.716269921301706,13631.650324899225,0.14793671655124324,4,658.0166399011025,189.7584204888787,5.368736894601884,43,0,0.7856467204983912,2,0
24.920425177297414,23968.47964583444,0.13839699935195943,1,961.8005902912845,180.16932048404607,4.735375891588441,31,0,0.35874105188437144,2,0
21.455428044069595,18645.09578910342,0.11350031843096635,4,869.0153256698615,187.94011703315715,4.84085118192717,61,0,0.6840973192064388,0,0
18.20186239331601,6211.765406262385,0.18078334763630874,1,341.2708695426374,107.95796102419347,5.736890041935281,34,1,0.883697916204434,1,0
17.65176441984327,10162.489243736032,0.20745082801821138,3,575.7208742437015,193.06592961671663,4.032647450415155,29,0,1.2037055699970785,3,0
9.538486129146087,5725.826594247377,0.05741010270433517,6,600.2867244049733,18.441985788122505,5.396368689157411,36,0,0.7674859738267755,2,0
10.60077095762326,1593.9250556285767,0.13410662695258077,4,150.35935235279734,52.34350314654691,4.896266089451679,45,0,0.9356991657958994,3,0
15.82712627307004,16468.542795921243,0.17294798800344416,3,1040.5264045907422,299.99580401870213,4.35128151924026,49,1,0.8166550729681776,1,0
15.049919020256795,6802.858708692878,0.07323461643728747,6,452.01962213460484,54.09582077367223,4.188850187396614,28,0,0.4346578910260679,2,0
41.0268700264671,39967.38732151801,0.0565673979376995,2,974.1758826772403,240.33176979361676,5.246050658407819,33,0,1.1700851698035002,1,0
39.117446153907665,49172.96156940401,0.08243925949265736,3,1257.0596090535385,20.10132111208588,4.4572516832435,52,0,0.5958029455757274,3,0
9.272963846689713,12962.898157363546,0.259122531510913,6,1397.9239401425118,233.93415237612993,4.023993498478209,45,0,1.148676408129967,3,0
38.01209640579687,30618.57672893041,0.03112033331693732,6,805.4956086100281,83.49134061917131,4.509075577749761,28,0,0.9517929025357927,1,0
23.964415843803987,26685.385353377125,0.11053481848131026,3,1113.542075354891,107.25282453087986,4.0333013830960915,34,1,0.7063945242005124,0,0
35.68241666832911,37932.15457150001,0.01903532334939576,6,1063.0489219405285,292.8757454378528,4.13050600708324,46,0,0.8785078020418,2,0
34.4823253865502,47587.65333142548,0.2554285349151491,5,1380.059285386449,200.64327178430864,4.837700114891185,55,1,1.4055097984569151,1,0
40.98463597489741,21531.19982178611,0.07666441089630875,1,525.3480800701441,292.74604318048625,4.669676371314787,51,0,0.4283380681994654,2,0
7.329294536441532,1362.5742544396196,0.19557905343759138,2,185.90796804042304,160.48003033357995,4.9575247993928055,50,1,0.7938128305135683,2,0
10.369668648004216,7481.123992634739,0.11215520919434488,2,721.4429165077114,222.1172790678921,5.653316338193809,56,0,0.7285904477956388,3,0
2.1727485334525123,1809.6403297565607,0.27385862285427953,1,832.8807047362402,93.6642571322936,5.130333980250242,44,1,1.021377257877767,1,0
43.49502697958508,41921.834593042375,0.009579136992207382,3,963.8305228025012,99.0665529145101,4.062353838922418,38,0,1.225542552073755,0,0
34.20093279624373,6653.380004278491,0.09139616148422798,6,194.53796900560644,125.85130663246295,4.054706836485242,60,1,1.0405265985286103,0,0
14.51027306279635,2369.75063833058,0.1272771001038123,5,163.31537167322563,16.615605603823457,4.716403337306048,44,1,1.2995706938489198,2,0
4.64966550817295,3975.547860543158,0.2834266278852732,3,855.018033782245,201.39828378119083,4.449300045146481,31,0,1.2890197053504404,0,0
43.17913327248441,43024.341417583426,0.2753747514261289,5,996.4151236217698,46.36155082354957,5.151685308146903,52,0,0.4168970979165222,2,0
18.27576199367231,3187.167573236419,0.03731188974449957,6,174.39314291463876,215.1322519020287,4.406853740138765,53,0,1.3390573966529105,0,0
22.072049951661178,17788.20720283008,0.0023326609986611623,2,805.9155013597326,44.85984172129158,5.59085797090426,38,0,0.49490736376122785,0,0
38.850926426693825,32678.74146359997,0.2532708691844884,1,841.1315885931346,86.51436813610056,4.836522607013805,38,1,0.5866562537445001,3,0
9.114598106172327,6867.153785562831,0.09179590582443055,4,753.4236513305457,197.15224965842356,5.549454540097139,45,0,0.9713025781947807,0,0
5.35214933282034,2565.0260419552596,0.2491871577127398,2,479.25158332673186,177.73595755615685,4.913753026677196,58,1,0.6867306891271074,3,0
30.130203164994896,24075.881844713265,0.11095719834013176,2,799.0613841158726,87.53258716126085,4.543094626089685,35,0,1.1503455037366326,1,0
38.01950026421186,21616.711991521726,0.05962804725017605,3,568.5690722208087,264.9812228263945,5.3264214359328905,37,1,0.7977394930631766,0,0
39.77801637648664,19642.155458340992,0.1615046400366905,5,493.79424233813114,155.25767949547628,4.179469186809157,29,1,1.4234792283082833,0,0
23.468344237410033,30366.136264520414,0.055276811712361304,5,1293.9189896539383,80.44850783300687,5.327459891919547,52,0,0.48202089169628604,2,0
32.95015522447969,21156.909608736438,0.09804889926781936,4,642.0883138364798,239.37992700718428,5.749023724885273,56,1,0.5997939987687901,3,0
6.807724806260953,9021.907820897273,0.14050416792354734,3,1325.2456698308329,126.69364667877396,4.007849925290746,62,1,1.4603992024147794,3,0
24.26850391432164,11142.714080376207,0.09373339416407667,6,459.1430159730829,176.85042874028161,4.454841171704649,58,1,1.0593528696608527,2,0
38.815640016648494,50638.064541262385,0.18950408735842256,6,1304.5788893225285,230.32685093866016,4.783077015171038,30,0,0.42450845799939857,2,0
12.432784465691656,3530.4035947011453,0.008256280011656857,3,283.95920515177556,127.10406301367456,5.112835180103708,56,0,1.102097485578832,3,0
37.95121862920696,38684.90037248427,0.08016535910705702,1,1019.3322314744505,93.49317673482315,5.12454906405476,39,0,0.870105391260511,3,0
22.23965349215279,9451.077653098657,0.27032553186774394,1,424.96514868963436,298.8041861351588,5.064699511796258,61,0,1.4552325875953809,2,0
44.54528396318589,7519.50639395957,0.24041131054819992,3,168.80589200360714,162.15643085732745,5.432968917995382,50,0,0.8722742159525949,0,0
11.06289261254438,5001.298789785272,0.29902901996965664,2,452.07876140045187,155.9289604078737,3.958799117524156,30,0,0.6189128776441557,2,0
26.96619434847766,29684.586802018952,0.18931838870741638,2,1100.8074190377833,60.87704872327711,4.408821549915028,33,0,1.0395855096012472,0,0
19.926135675251512,6559.283558814043,0.24093254218286925,2,329.1799105313103,21.5888708422311,5.457847261077793,34,0,1.0840961758911634,2,0
24.78563355925931,17659.732725598493,0.10428898607530714,5,712.4987417963841,15.42819193085233,5.061009766199426,57,0,0.45008520579184164,3,0
19.20358629476023,9128.147236797866,0.1212407646376823,5,475.3355491358672,239.85593479371335,5.718354724370643,32,0,0.5949949951947947,0,0
23.298042398719648,29524.569682612222,0.039985471585098395,1,1267.2553846942417,55.587018736621644,5.0866707818839645,58,0,1.2856730783878512,3,0
19.32953320223328,24504.5411998069,0.12688407072820776,1,1267.7254511751848,163.33256810921742,4.840575828928136,57,1,1.0696364088420345,0,0
43.57232126066559,19675.342011236266,0.2878117210292516,6,451.55597503128564,229.86371570427565,4.1744824397213725,29,0,1.0089938781096035,0,0
2.2222480615916576,412.08655280170046,0.07845297631228351,6,185.43679255435984,221.1023040238153,5.736936783671747,49,0,0.5738418683557243,3,0
27.033019611948042,33871.339196498964,0.15998020394821164,2,1252.9617365249321,13.5520967434976,4.788308344333922,29,1,0.36367522373752764,2,0
36.83433927701078,45471.74559511735,0.14093152289052024,6,1234.4933148698392,32.520043494887275,4.775089141395835,35,1,1.0661767969493101,1,0
36.131262437976545,28074.249303931876,0.2443833502214825,6,777.0071514142231,90.97920210179703,4.44829345971037,33,1,0.5310042568269835,2,0
39.43520447580836,3995.0878283587085,0.19291265090704368,5,101.30764836808457,274.8077970598594,4.823911148321444,54,0,1.4123862469299624,0,0
42.86855302527771,50589.50816326437,0.0068069402072610695,4,1180.107668514819,160.36504388784755,4.837841443356869,44,1,0.4133255082298126,1,0
31.129488350670293,21142.422858509926,0.24763519584982902,6,679.1766899713492,43.78067380417636,4.265076901382927,47,1,1.1660066164332568,0,0
27.91221214335615,36562.018935082226,0.24454838982758043,1,1309.8932734998205,171.22140172150233,5.15381562779507,30,1,0.5240925972326991,3,0
27.927576344404073,19326.1560349454,0.0119863662800181,4,692.0097826110799,145.0649420645029,4.718295489496503,45,0,1.205030890858927,3,0
40.08824397798948,32007.127809898353,0.24125269241558364,2,798.4168083658622,210.71740614760654,4.949815131267773,53,1,0.9479006367882503,0,0
14.70376695271679,17118.58482901616,0.15005855623992567,4,1164.23123979486,251.67386468211996,3.9088829264875993,44,1,0.7675760683302092,2,0
35.25036911767856,38672.57609338564,0.1024652484690095,4,1097.0828692398231,52.96934118112664,4.167752115179372,32,1,1.307642208977843,2,0
37.682944678524215,11727.019163989984,0.03055081452560363,4,311.2023028994679,103.5729025436608,5.456245920966504,51,0,0.6762334016606348,3,0
7.481388222898005,3502.12968785951,0.1720013667038725,5,468.11227856625226,70.03537147780027,4.200584494447158,61,1,0.49264523135559557,1,0
20.656783264977715,23597.843395423977,0.29502466991138593,3,1142.377450192482,109.4907284377409,4.851280492234447,62,1,0.9106207337876812,0,0
15.650241728350485,5637.209309485105,0.010718462715245292,2,360.1995040928521,243.4537914842258,4.861018024557509,29,0,1.1246066753109898,0,0
10.369778293360554,3329.411259317766,0.27419278493586413,4,321.0687022546552,241.3000097315086,5.379214330340457,31,0,1.2990953781011707,2,0
27.244320936267282,22015.595471446486,0.0996905079240815,1,808.0801691826944,2.265066631074608,4.105915201232043,54,1,0.8745294037733652,2,0
42.769861541379,33185.16210641128,0.17508155714925436,2,775.9006204475384,235.89523846005267,5.189260998020782,43,1,1.0896835779315275,0,0
5.654531581436917,812.7398381419384,0.24991947420399593,5,143.73247835595373,262.79066878178327,4.179695856732818,39,1,0.5813047769276725,3,0
10.014522353889724,4512.754751544616,0.12465988206247867,4,450.6210672935214,250.29972472138695,4.134236776690639,49,1,1.0869278682967956,1,0
9.140892391687704,7252.983572280315,0.09384246183587361,6,793.4655897356188,277.88321632608785,5.150137609613345,58,1,0.5235039865884552,2,0
14.518742090522537,17875.000268313383,0.1549589784192434,2,1231.1672841121494,143.91015632104822,4.961448925048832,47,1,0.5003075243457559,0,0
27.137494277333666,2136.918318356952,0.11870825582328629,5,78.74412782987827,120.08306838024788,4.622744330158021,59,0,1.1154347519062204,2,0
37.963663774398675,10518.964609037495,0.03834535377855686,5,277.07980640506844,8.23077051730955,4.511505505040558,46,1,0.5785853447799982,0,0
43.866380544042414,21677.39973519395,0.2808492451374102,1,494.16887070109556,48.22141545176005,3.9587033757915067,35,1,0.3647036249338813,2,0
12.191003938891768,1765.20577974983,0.06101200996552159,6,144.7957681416595,286.4314836565977,5.723827610572844,47,1,0.8764890116379824,1,0
20.51216735731309,7496.812050915357,0.15863206528377002,5,365.4812248907749,140.88706819540747,5.327384574826565,57,0,1.3059318962111308,1,0
32.81489386829021,33974.26449599548,0.052976275884175604,6,1035.330622502046,176.92358900739364,4.579856382430751,63,0,0.7421500700176926,3,0
18.712956017008736,9571.871135008814,0.18794191582841982,6,511.51037421926657,2.604598647212142,5.5664271041916695,32,1,1.4557115589889453,3,0
32.77030032798561,33512.89837093164,0.14436974263108324,2,1022.6607029997786,111.0207438897378,5.1113232064789305,36,1,1.4224056903578974,3,0
24.761636391529038,12016.98760410279,0.15653285998520863,2,485.30668224390064,255.0171401979919,5.102011437536117,45,1,0.6382154712570842,3,0
44.42832195074005,44571.70767740679,0.1971764481192663,1,1003.2273495907795,107.26963622175661,4.902095875593145,39,1,0.9757720471627594,1,0
4.41928764520178,5855.012466318685,0.029671227412880894,6,1324.876979364703,145.57922434232233,5.124124055480432,45,1,1.1076817583948761,0,0
39.806112007680596,22508.25962377745,0.12361205097238956,1,565.4473267681726,252.1341760102815,4.293684736233345,41,0,1.34229651285552,0,0
34.43430194426807,13194.927817902517,0.10583508863478704,6,383.19138396528297,59.76125765837998,4.279155939271554,41,0,0.48404069221315993,1,0
3.7255979828439836,4653.749710548823,0.2849303391562573,3,1249.128255914591,189.38889735282783,4.437490560345594,57,1,0.476621512095781,0,0
43.829875786724855,28091.097030061268,0.2961885738779158,1,640.9120839573419,97.00125644241498,4.695002318249996,35,1,0.4872246756260675,3,0
4.094925772394445,2845.920050758352,0.06446703873979015,1,694.9869689809404,113.67243545436548,5.671006734730746,33,0,0.619528667936897,1,0
7.940197527391065,9050.945490083226,0.17703440842756366,6,1139.8892104208298,105.47037902354123,4.044958656155436,58,1,1.4002274966153387,2,0
15.643083719177454,17688.545699743085,0.059281506648694235,5,1130.7582326659813,62.70153330318434,4.474305732367235,42,1,0.9170870660823742,0,0
6.477159204594788,4838.18180991574,0.010984487118409991,3,746.9604586040768,202.73993738510308,5.722912665713105,44,0,0.9250509445754191,2,0
34.826970411937026,33431.56132561456,0.07725279229232028,5,959.9330900788261,47.39191915708826,5.401324761936173,46,1,0.7147926452616731,3,0
32.41116704910084,28400.11669833868,0.10140965052972976,5,876.2448033825602,1.5993999150547888,4.022525419898451,54,1,1.0554447376428626,3,0
15.02906389370945,5136.969323346812,0.1987588405132596,6,341.8023477494787,169.0514060117638,4.231237456369188,46,1,0.6006603168200073,2,0
19.025413033016694,14722.351005464283,0.04274144523648814,6,773.8255658321384,221.9027109055085,4.108080166850935,60,1,0.4603089482475833,3,0
10.867256824299938,3163.3674691378474,0.24960627255285467,2,291.0916269195312,40.41043119983062,5.62861744140268,46,0,1.2417583966533379,1,0
37.214678874007085,4192.248135260583,0.271840179416216,5,112.65039124625349,51.64490908007981,3.9954579039740583,51,1,1.3354315545572502,2,0
14.542655008983472,13086.543423210283,0.21924007784601332,3,899.8730572324173,206.61875274556402,3.9581967544244554,39,1,0.7380943181186694,3,0
30.08599111668137,15611.860292829497,0.0733401569233353,3,518.90796059477,74.49367514854139,5.695827211369198,58,1,1.3594795964440984,2,0
10.80595421060187,3321.3536341508448,0.06916279607376176,3,307.3632896660083,229.64536069780695,4.947079154924533,43,0,0.9650451331724553,3,0
9.329476529955707,6509.770808444375,0.032246900926956756,6,697.763779944391,190.4039874073217,5.376223576777354,44,0,0.9135280341569346,3,0
43.60941780572942,28631.434216415833,0.04800171555212363,3,656.5424547505476,221.07461662199194,4.767591854944137,57,1,0.8283682453087577,2,0
43.88637477854894,19412.693225413874,0.17556677829919423,5,442.33986797429736,249.37183383548296,4.282998156454621,57,1,1.342785320346192,2,0
29.030456908151656,30886.725856844587,0.19430305443924342,3,1063.9421196354542,182.58114932384424,4.557935677602944,43,1,1.243670408024501,2,0
44.673451806609876,50463.90213108999,0.23353494602251806,2,1129.617257908496,71.45050574623409,5.59677225745747,28,0,0.6475290172823225,1,0
18.242442679257813,3797.36561847942,0.11855089500974592,5,208.161027842896,28.457670763676745,4.680795086152947,41,1,0.9334802067182483,1,0
10.662531436125992,8761.500979482307,0.07073467760445737,2,821.7092753224854,69.2736258456409,4.375755698527157,34,1,0.42395391186412223,3,0
14.452981745123228,12680.177952411323,0.17286197214654572,3,877.3399272222778,21.558908523292608,5.04605706262986,29,0,0.530661773806183,0,0
37.21729474941615,2367.545908813203,0.2241307463514757,4,63.61413221336685,83.6635573959319,4.624258838495535,47,0,0.7174581208740787,3,0
8.403513152536911,8139.457666031311,0.13984642149589574,2,968.5779647496731,237.95314653782907,4.508968888475953,55,1,0.53134126059492,1,0
41.695676149189616,20216.80833442041,0.2524095976301704,6,484.865823067204,288.3760817414814,3.993928395072246,40,0,1.1300717174059276,0,0
17.700427788000365,5252.238694681292,0.13491891493339606,2,296.7294778175891,91.13452029696809,5.08312589294936,45,0,1.4544942955513807,0,0
30.17903708321269,6941.647558674038,0.022547472418897097,4,230.01554156727485,288.2049172498513,5.3823262207095794,29,1,1.1632844043465136,3,0
19.102138823386017,16965.857020197494,0.2301939106823242,1,888.1653084536715,178.54254080045214,4.1506212074926525,38,0,1.4264358624739462,2,0
1.4661169427728806,946.5844564539794,0.054942696671587576,2,645.6404866747502,153.8904383704188,4.559845820164559,63,1,1.0154105946772067,3,0
28.089538625060378,31904.515755138065,0.03981544975163141,5,1135.814873323484,21.36267460492698,4.956209339322993,51,1,0.6560403422600256,1,0
21.770924751776576,26912.438833032316,0.12399038918487712,1,1236.1642484128367,229.84680760473205,5.621805572571425,60,1,1.1467882298717005,3,0
17.15387220491801,7605.101944144167,0.1342928035190947,6,443.3460768096306,206.44774121780597,4.175249337164934,62,0,1.4391681397482339,3,0
36.98957380092519,51262.61830594015,0.21414043383718215,2,1385.8666926478065,141.4504863328616,5.379164412351126,38,0,0.8814220687346808,0,0
12.457462466381727,14555.780148235943,0.24727716833396232,1,1168.4386115966097,31.560688141215664,4.821968922888086,32,0,1.1508412924523141,3,0
24.279292635651828,26669.580315979576,0.0551748684161059,6,1098.4496425080292,290.6760150029387,4.6227114058003735,30,0,1.3832790521317913,0,0
43.438017832403794,34612.31067567601,0.002859383331874721,1,796.820674673051,108.38281349833782,4.826269581089229,62,1,1.2220776005127478,2,0
28.34786979619898,2596.798967570557,0.2630987516305039,4,91.60473031094381,12.98297896403352,4.472514554884653,44,0,0.3790719767062056,2,0
1.6091387976647034,273.24783855707017,0.046667561503602246,4,169.8099871519019,120.9972668319724,5.641006495531397,33,1,0.5687200271180017,2,0
30.798473832115626,27488.453567116198,0.18521560151370883,4,892.5264841679315,154.88159830300822,5.295181317825351,61,1,0.45214449779231525,2,0
42.67626723888361,58019.73978647085,0.08658145423629857,6,1359.531738371142,34.10621915769114,4.1542085501516715,46,1,0.47322997374218057,0,0
27.108693018627996,18559.664805281827,0.01991380241388696,2,684.6388644605026,4.148415686745121,4.4023648865878044,30,1,1.4306524939365217,1,0
31.27899630711153,5027.756351122451,0.08000546591154042,3,160.73905638651678,280.04565007670743,5.7255322872697905,46,0,1.3663203528651788,0,0
4.5571942844836615,3900.458050277336,0.12485376715583685,3,855.8902269226525,246.4976241201575,4.580034812882959,37,1,0.38460751859013026,0,0
30.83094464046713,39928.93498728116,0.04494423817358529,4,1295.0928183651067,146.00068436359035,4.916701971076118,36,0,1.1529047122467313,0,0
36.21611328291545,39481.261359459735,0.22536842967242693,4,1090.1573299994227,231.11048995560628,4.857753663097557,52,0,0.5588784912606906,1,0
19.849555489159762,18497.176182136027,0.045421504954099,4,931.8685343980475,12.001651176019124,5.251044075469128,46,1,1.270745117681816,1,0
41.31079468750349,48542.084293356726,0.20951264616316215,5,1175.0460057850376,282.4072256036815,3.9844043517972185,33,0,1.1950087206443754,2,0
40.62489617219737,23183.06956138304,0.18063633521820818,4,570.6616322935721,76.88943724244879,4.375195780414274,62,1,0.46547024752363075,3,0
24.8647647843728,7283.506317626665,0.27618480984477556,1,292.9248026590728,73.41651108406082,3.9566503966488993,41,1,0.8040956536802396,3,0
22.82023264654352,14667.920041503361,0.10559761865945307,5,642.7594437221939,109.49293093190015,4.884749610325372,31,0,1.115629733596277,0,0
15.27383453862816,6949.422418216451,0.26019331551757724,5,454.9887194758509,224.98159193338864,4.309688144180325,44,0,1.492839792011655,0,0
3.0818952171210396,2081.4383964329672,0.24510662067631545,3,675.3761078150309,205.1991822612532,4.965625659424887,33,1,0.5967654624372897,3,0
18.086118965778383,25014.388341065092,0.141707107925818,1,1383.071093825935,136.8397960419969,3.968180195812984,52,0,1.2397618560850139,2,0
3.796283736465836,946.1295912885241,0.1359951313382535,4,249.22520469171434,244.30233326677526,5.419123795258871,40,1,1.3686198909365057,2,0
24.976755096500003,28401.727907910645,0.25453775538156376,2,1137.1264120650558,229.73271398955865,3.961842631416595,31,1,0.4853455523580588,1,0
14.642433198325909,16045.94754554261,0.2571625893121094,3,1095.8525354499939,174.66878179459397,4.048456687018776,62,0,1.4772314796170556,1,0
35.302684145566104,12305.696229493315,0.26914541907962375,3,348.5767874973005,194.61612221741055,4.659979254219719,54,1,1.227855092499635,3,0
25.92353484224627,13263.686004260966,0.15002314431306685,2,511.64650519210096,143.92193524718746,5.734137490385386,36,0,0.35697472873326225,0,0
35.96688720709738,5148.513009277186,0.23694536104420247,2,143.14591584287075,130.07963903649699,4.990661102804506,43,0,1.0478348377654219,1,0
39.63515321861419,6520.013661743785,0.22906070238001305,3,164.50078105618968,174.3789399636592,4.3115439830392495,40,0,1.206211448387986,1,0
16.853917174007876,13186.260180099876,0.2141717783852614,2,782.385486053992,251.52194438352896,5.346067050873007,50,1,0.963936420851641,0,0
2.0201396322041156,1713.6239435892462,0.12833101630616997,6,848.270048402328,279.3404176027464,5.115344277742983,50,0,0.7340238910981353,0,0
6.683734796701222,6229.394152839405,0.07358562089676869,5,932.0229396166261,71.55075740427188,4.629307407040718,49,0,1.0060534087670625,2,0
22.86726531337623,22945.003013929192,0.024094541047844396,2,1003.3995188968875,243.93614362070264,0.0,0,0,0.06398010493872228,13,0
8.263991107616658,8062.88262939528,0.2123996454139066,6,975.6644851618944,46.26219430761055,0.0,0,0,0.006276830352318372,17,0
37.521258358826586,18264.850307173438,0.2160644081592742,2,486.78672054389597,83.8429534733275,0.0,0,0,0.10067125959222024,7,0
9.518423469222892,9560.142455207653,0.07279034585875341,6,1004.3829722558212,47.16117825282781,0.0,0,0,0.027012067737430312,8,0
40.95098336446428,41156.55489635842,0.27273624078110464,5,1005.0199412811301,20.349555791426997,0.0,0,0,0.014924576801612934,18,0
8.748408289977242,3114.8233620534616,0.10336505423432847,1,356.0445807749977,84.04075062662103,0.0,0,0,0.09178579356253443,21,0
26.451650738851527,19435.40228539954,0.20426274209388753,6,734.7519622604614,167.5434187502555,0.0,0,0,0.1080446005850368,14,0
10.426538900581452,5216.264847575678,0.2163759058488046,1,500.287285868639,141.8485493693957,0.0,0,0,0.03397508826772913,27,0
25.70128019762717,30071.078516669168,0.2809654354707327,6,1170.0225936389515,211.8553136445312,0.0,0,0,0.038844816429502924,11,0
40.979243683226755,26197.978272685385,0.006942716030253071,4,639.2987258427246,63.77567396550554,0.0,0,0,0.022639974222926587,26,0
5.3816355968055,4883.737386820609,0.22678868594150692,3,907.4819911105761,159.45290296064556,0.0,0,0,0.08938810170405434,27,0
25.810366198907417,6553.697410511353,0.06983636606430274,2,253.91725789573564,80.2581515818714,0.0,0,0,0.0829793884933479,27,0
27.101258962771997,5103.199171220639,0.23665474727674612,4,188.30118476159046,158.18798045476112,0.0,0,0,0.03840646765504368,25,0
29.575750390959534,16988.36862346203,0.1490561445079862,2,574.4019475040907,67.61720035799462,0.0,0,0,0.08024123222272504,29,0
39.16182167931956,27775.557325711798,0.2420942186576404,5,709.2509013792742,75.53855418000511,0.0,0,0,0.06425852191138677,28,0
30.54995717709138,14929.129963357342,0.2525835318928899,3,488.67924353597164,283.4498659480825,0.0,0,0,0.08038586582771062,11,0
36.044103112115074,14729.808601195768,0.04302137006721883,5,408.6607053414186,298.65230462658093,0.0,0,0,0.013178568512647799,22,0
23.214706687950528,29574.865955945228,0.05651947749561348,3,1273.9711232834964,295.6214327726417,0.0,0,0,0.04180216178165279,19,0
11.585724694132885,12312.731470407683,0.08608604799745606,2,1062.7502202467283,53.946322751581455,0.0,0,0,0.0065043386220840025,12,0
41.13252507748313,49271.185013735754,0.08279426316625252,4,1197.8643402251982,229.4346480717837,0.0,0,0,0.07249963302002736,15,0
10.524993337341009,8565.430868528474,0.006417101620490595,3,813.8181748903994,208.78546172331647,0.0,0,0,0.07908877357597796,11,0
5.576143875650573,3440.9906195742587,0.06630271750510623,6,617.0914338491303,77.40751919484087,0.0,0,0,0.025466734794532837,10,0
11.640191335978368,3225.174395619277,0.06213450468842163,2,277.072283653162,200.4971953625676,0.0,0,0,0.039507884082696954,10,0
23.87325723531435,17617.22643433034,0.17751664030604775,2,737.9481677209166,6.531466103996985,0.0,0,0,0.0809591755938122,16,0
7.802244902952412,9257.611338838577,0.06667273558241607,1,1186.5317551536284,62.42611224939314,0.0,0,0,0.07713695956332421,24,0
39.69693963578711,34345.18441291466,0.03472582631905635,5,865.1846900044709,125.816097760326,0.0,0,0,0.08441010806376542,24,0
41.36224996635884,34678.698856361836,0.18426127299899456,5,838.4142275762819,163.0216653484695,0.0,0,0,0.09228400724636443,22,0
30.926417108143315,10540.192701244996,0.20765444863704968,3,340.8151893052503,295.8652848865901,0.0,0,0,0.11037484964729699,15,0
25.486816172193585,8810.073594928337,0.0796426947299936,4,345.671798917757,254.06890174813205,0.0,0,0,0.013175429011739475,19,0
14.672304420650693,12461.04329024932,0.0261565859777252,1,849.2901273716002,77.49362411631031,0.0,0,0,0.06154518408480686,14,0
44.656735032303914,50574.91966733463,0.10257839514809053,5,1132.5261381233895,148.59713375513982,0.0,0,0,0.1179990345567111,10,0
27.563375672183124,19815.891473557574,0.0961773413940219,5,718.9210679138881,250.62526609072765,0.0,0,0,0.05467625498552019,22,0
39.05504126708568,12506.563070773449,0.14585493920272208,4,320.22916030852014,29.759877807615844,0.0,0,0,0.08645863586782258,9,0
31.801278013299406,35614.1370904535,0.10915346440248588,1,1119.896410312804,284.40730745369734,0.0,0,0,0.005275633650505571,12,0
29.683535714710455,6277.200486544078,0.07808014233160353,1,211.47078120593451,99.38520586875988,0.0,0,0,0.0906604897665262,7,0
38.9964668949853,36990.62352141905,0.2717633283711382,2,948.5634588649315,273.5484041680799,0.0,0,0,0.07371231057357729,10,0
10.593038441647547,11679.714228498795,0.02441340750185602,1,1102.5839557589895,101.22693723964657,0.0,0,0,0.054049850330338045,24,0
29.44442374317577,37492.019397839365,0.15242655682692424,4,1273.31476156088,117.84663793799135,0.0,0,0,0.08340321022567727,27,0
24.772518579939785,13912.657329832267,0.07601052077261646,1,561.616586740535,169.7292774300222,0.0,0,0,0.10219113814514237,23,0
5.905654051957665,4303.076163616403,0.12427594054101647,5,728.6366803334809,254.44448803525017,0.0,0,0,0.028593832660820773,18,0
27.7301129509194,13941.076893179788,0.2247084351686049,6,502.74143916595796,96.26322568584233,0.0,0,0,0.059058756977013,24,0
19.244834141551603,24169.2515682383,0.2551203979721445,6,1255.8825599881043,225.713464328043,0.0,0,0,0.031816825918146885,11,0
25.061571683052293,8737.67293073779,0.17608859090993675,2,348.6482428652541,250.60098108010038,0.0,0,0,0.009844150456143631,11,0
4.96281219103466,5463.1003229270655,0.17482145202329494,2,1100.8073875526013,214.11847935589947,0.0,0,0,0.07222828684745074,17,0
14.219151879853555,9373.640235121607,0.18856748140202337,5,659.2263950990407,156.45334572367477,0.0,0,0,0.005053690077667752,28,0
33.59790752997062,3759.2848831243064,0.255262774371474,5,111.89044674198476,297.6433610509053,0.0,0,0,0.032127546249877195,10,0
15.573612677156097,4075.324470064848,0.10225868052462227,2,261.6813808425242,105.06096623499278,0.0,0,0,0.11971482146553385,8,0
10.819237425389339,8418.90800799588,0.13460150875084562,1,778.1424583806025,243.050500151906,0.0,0,0,0.08764087667547192,11,0
39.72652265781104,40498.37528911074,0.28854358478826636,6,1019.4291516010135,170.0330805849281,0.0,0,0,0.05312102473140714,15,0
19.884517153603667,10111.862224629054,0.1939352047974788,2,508.5294325488051,92.03888388330569,0.0,0,0,0.10622375109654007,15,0
38.72643462737905,16566.413473986246,0.177036465232745,1,427.78049756932757,271.2806383376036,0.0,0,0,0.06633315367964328,16,0
16.88717229840274,7780.007279270493,0.2168215631351809,3,460.7051519221107,151.91828723833035,0.0,0,0,0.08918862257870025,6,0
35.57500476818753,43686.47668375194,0.20371103733221887,2,1228.010423847307,176.4242221563632,0.0,0,0,0.03413518200871554,24,0
2.752289973171476,1807.9843817020637,0.06844369774214837,5,656.9018523941048,214.36602168498388,0.0,0,0,0.036472933872329076,22,0
31.271345338206682,30759.92181670302,0.12615444926424318,6,983.6456181858343,209.43275866688015,0.0,0,0,0.08394291870206669,17,0
13.20737356251197,13797.637019949021,0.12751111263553241,1,1044.6919635189593,66.05721284176191,0.0,0,0,0.11786442469128053,19,0
31.820097761914557,26889.428337875943,0.07680661255465827,6,845.045434463117,144.387123849847,0.0,0,0,0.061324166520437234,26,0
26.48386704839717,20743.299199603938,0.11547207547257604,1,783.242838430551,262.3909118156877,0.0,0,0,0.0778349991438461,6,0
10.077677187838493,9974.13015952875,0.022889073468031828,2,989.7251096279705,266.1030544042083,0.0,0,0,0.0834642365392614,18,0
12.621133547402481,9216.243769113453,0.2413425979470694,1,730.2231399817666,151.08765420408972,0.0,0,0,0.0871308874713856,20,0
12.896902982299299,12543.519512090505,0.011136850150972299,4,972.5993542252893,298.86028663818627,0.0,0,0,0.07394665460369673,21,0
38.539464138402295,26559.268436486043,0.2716570682866135,5,689.1447255495518,32.130130423351844,0.0,0,0,0.10902667896017476,20,0
38.52753973339964,8138.021721029869,0.24337601605033163,3,211.22609378493465,136.23237580284402,0.0,0,0,0.11446521951783317,28,0
38.962163054396754,26410.59160266129,0.042702245653466205,2,677.8522939239366,95.81367392436267,0.0,0,0,0.051572790148376256,22,0
10.24618139364547,7427.705102374754,0.15302537776089,2,724.9242246463942,204.67049807713116,0.0,0,0,0.04577165230304991,20,0
10.53288576104759,8325.881697666124,0.016953095060086354,4,790.4653944369791,105.26270783184904,0.0,0,0,0.02859348936214157,22,0
17.623952948826634,16885.644281058405,0.18203662179703126,2,958.1076578045798,149.72003019805132,0.0,0,0,0.09212145596698577,25,0
1.1693922906049194,144.8335005787462,0.10900502905530868,3,123.85364752475384,98.59300679793547,0.0,0,0,0.015304277750219057,20,0
24.714002609756957,23658.1845826218,0.1008197153887311,1,957.2785499861393,23.207454994184385,0.0,0,0,0.07253873076788997,12,0
31.53873577573416,28573.886384374917,0.03862294608835708,6,905.9933976922312,242.98660486998398,0.0,0,0,0.09607332072612802,29,0
3.965223019933764,5074.740361614078,0.003027207525421627,5,1279.8120902916698,134.92968834643221,0.0,0,0,0.024185478805277966,24,0
17.26602933217461,8121.324112715963,0.2761030689118309,2,470.3643180764308,99.74960131851562,0.0,0,0,0.0829648404861214,25,0
10.058688944024654,11780.733853008951,0.03532530870856528,4,1171.1997377160444,175.25625967500682,0.0,0,0,0.06602293455511343,12,0
43.7268595144077,15482.68905508808,0.22988675082139753,6,354.07731602555725,32.03897397118226,0.0,0,0,0.07218996390002318,7,0
15.486737212363067,17158.833963231235,0.11116369601311321,4,1107.9695953989153,200.91778447082288,0.0,0,0,0.0029779230047644045,13,0
43.5177124214886,24051.425738728034,0.09625746655876143,2,552.6812968884753,187.68089874749154,0.0,0,0,0.023926098993349666,20,0
43.18164006172995,47180.396677121076,0.28937589474474223,1,1092.6031667550083,33.623543495938,0.0,0,0,0.025138182375850145,17,0
37.391770641769625,14825.525174413122,0.10718027093097238,2,396.49165899225466,225.81120695891502,0.0,0,0,0.025139878408170103,11,0
4.921358410202642,5647.48010065578,0.11163203129443165,4,1147.5449723287354,225.10241741330293,0.0,0,0,0.09664565073696782,18,0
42.16016420594022,36476.363393423664,0.021674825408085917,3,865.1855152946551,225.68946220797537,0.0,0,0,0.10603435905366264,25,0
43.66594031184733,53372.98469330033,0.2597597529911914,3,1222.302424089086,148.83687122768262,0.0,0,0,0.11758223406884422,7,0
20.64868652996119,23594.12751111077,0.1488092445394114,4,1142.6454402741674,224.31085126158396,0.0,0,0,0.01637755460974333,14,0
35.45499992203693,47501.008396791105,0.23415090957525542,2,1339.7548583060923,64.97255376104441,0.0,0,0,0.09167188376470035,22,0
31.884984900013023,3313.243092023972,0.17545198347243227,5,103.91233059742233,12.431627356943464,0.0,0,0,0.10513717685236917,16,0
13.617917801334995,17360.144340798317,0.033205772512187794,2,1274.8016689523902,121.74302079549706,0.0,0,0,0.08250445401305598,19,0
27.457117313396832,27682.177255010803,0.11949159869206283,2,1008.1967796926796,193.15563283691796,0.0,0,0,0.015049177771368733,21,0
22.625003454400776,22967.49430718296,0.10199883899892591,2,1015.1377149388044,55.90283479547473,0.0,0,0,0.008183516463103176,7,0
37.72950936331224,5899.299120724186,0.11471719442114944,3,156.35769508470204,106.0103552263251,0.0,0,0,0.1018484851388138,25,0
16.466723954077697,20862.778641938763,0.20952540240848863,3,1266.9659551056275,147.71915178906403,0.0,0,0,0.08927751540801548,10,0
10.748700458653204,12436.960764084959,0.26904223466020255,3,1157.0664576546671,263.1949470036383,0.0,0,0,0.01712635562748388,28,0
27.471006032880215,4947.986539177766,0.14358720591730162,6,180.11668496069967,175.49051388817833,0.0,0,0,0.09797000488838867,7,0
12.390316834701995,8511.589565105536,0.029012321219686797,1,686.9549567341836,106.81571789256832,0.0,0,0,0.05569012041701129,23,0
26.082251893837864,13838.845809608292,0.2133758767881397,5,530.5847771862761,10.5540793436269,0.0,0,0,0.07094787628795617,21,0
42.212637095508484,11361.428626547817,0.21044832253003673,5,269.14756831803567,288.6313695688356,0.0,0,0,0.004244774984596962,10,0
33.43743486969603,35164.59005173491,0.2902911950821413,4,1051.6533397005337,78.05297588683142,0.0,0,0,0.034308514430238836,9,0
10.293452920149257,8324.411827496628,0.14580419994185875,1,808.7093701280486,143.62245176316532,0.0,0,0,0.04166725789639512,12,0
37.928357465380195,26916.760190769954,0.22142097706531846,5,709.6737636302527,198.6396920295866,0.0,0,0,0.0893497775645865,18,0
12.033230215006224,14344.885264002274,0.06279131928709115,4,1192.10594393127,182.2687590707599,0.0,0,0,0.0754603432582216,22,0
29.975562871916065,29542.58663593166,0.06971235050054304,2,985.5556928877537,123.36922290627753,0.0,0,0,0.019004781847971868,20,0
22.09398513760274,20088.150041152323,0.19083329198305968,1,909.2135219627447,214.65870561600318,0.0,0,0,0.026833061047977787,19,0
9.706563513019628,2062.1128707585785,0.10139207644347925,3,212.4452045250228,219.49580665757256,0.0,0,0,0.017101344452911567,21,0
24.706280921790174,12503.993906404254,0.1996179513210055,3,506.1058742911046,111.15636824729297,0.0,0,0,0.023187647326913734,8,0
34.70727667787348,6017.164301947009,0.05878317931957336,2,173.3689553863228,216.483921603772,0.0,0,0,0.11706860474935347,22,0
24.43301137453097,23327.476666411385,0.2192291717281691,4,954.7524170814246,261.8376934952901,0.0,0,0,0.045998146613888985,18,0
40.6505620904709,31701.12560867449,0.21515055814871528,4,779.8447051758162,275.66108161300957,0.0,0,0,0.11252898128058156,23,0
19.91731998037724,24035.625926890352,0.0097477165168804,6,1206.7700850601643,175.06467783779908,0.0,0,0,0.11157233806561652,19,0
13.638734875161125,3580.224027619086,0.16567947999462126,3,262.5041149629936,147.43173234027077,0.0,0,0,0.09971139364339585,29,0
32.89948212594301,23560.728045214815,0.07260544976208064,6,716.1428242250632,37.80976546227029,0.0,0,0,0.07541601864884276,8,0
33.44661059383258,3655.9588943205254,0.03439339306328238,2,109.30730586478826,282.13866835986795,0.0,0,0,0.014870352034438787,6,0
16.75638194818683,14998.267623162812,0.01016146206092714,5,895.077927295978,102.39843708593884,0.0,0,0,0.10734638306607934,26,0
19.851964629561007,21412.371151134477,0.23546041871665216,5,1078.6021207820365,273.2614173093045,0.0,0,0,0.02556296240025856,27,0
19.34589371698801,2030.9835533349155,0.13625614357688723,1,104.98266883123983,83.67615922702778,0.0,0,0,0.0021431538834004193,19,0
28.024574108134466,16284.56774474118,0.19727205327588235,3,581.0817207036303,81.63313296862181,0.0,0,0,0.04533711869889739,17,0
34.129839830984295,22799.21906158748,0.21673812508664272,2,668.014241335218,212.20646248477033,0.0,0,0,0.003151570190175068,22,0
31.641904009965636,43077.88355682716,0.008255864368225119,3,1361.418818009806,3.9315787377704803,0.0,0,0,0.03103250074229726,11,0
40.179794789424044,18887.81290608735,0.14950181560883422,6,470.08236366251725,76.36975626163472,0.0,0,0,0.05344489561388451,23,0
43.573129071684974,44061.59551957446,0.023681211975594172,4,1011.2102678484687,295.1563505161778,0.0,0,0,0.0735929838552136,27,0
22.509157333036946,5711.387425802252,0.14436499548637843,6,253.73617240746654,138.6019456114875,0.0,0,0,0.08077278623007834,20,0
6.040717918821972,2802.084695705512,0.2135211726017315,1,463.8661717632329,69.85596505323869,0.0,0,0,0.015007381963774309,8,0
3.147851907508962,956.5220892378251,0.18797913719322318,1,303.8650220349039,22.371809836936784,0.0,0,0,0.07747217163650731,7,0
40.737160460844706,38094.65157679337,0.2512900664916056,3,935.1327177899099,52.169804166318144,0.0,0,0,0.05158678493472421,15,0
8.319903815014108,7699.389427907317,0.14710038443913614,1,925.4180816385149,134.60155439044084,0.0,0,0,0.11439215096881247,23,0
41.74487758292868,39259.923514749,0.08677188849832232,6,940.4728385358619,197.4260330160879,0.0,0,0,0.11674868646520754,28,0
25.77507466706527,14264.461399166265,0.07402813316423973,2,553.4207595290899,275.2164284418616,0.0,0,0,0.11998018075452388,27,0
5.64722226739179,7795.193442827442,0.2084045501190711,2,1380.3588868528293,182.4842992610124,0.0,0,0,0.11206098671928172,10,0
42.12908627844377,21267.70900861607,0.10678004183400559,1,504.822460854038,213.98079159848714,0.0,0,0,0.019044962664444966,28,0
40.33337562355742,38246.70355580207,0.07957249611985767,1,948.2643831443507,269.9048345994407,0.0,0,0,0.044037220475395704,21,0
10.877405549694174,1343.5079316755746,0.11406611291381433,6,123.51363802127872,233.80329153126021,0.0,0,0,0.017608718086904212,7,0
21.153941633240088,29279.745448764992,0.054835026564684704,2,1384.127173857589,47.98450296261533,0.0,0,0,0.04272834702252547,29,0
29.32492559143788,40682.97954601231,0.28457822567611407,1,1387.3174006583224,127.05328405710073,0.0,0,0,0.06821455157863303,9,0
40.818207887910866,32378.526667863902,0.25306749016113467,4,793.2373404725947,214.22160575766767,0.0,0,0,0.015998964220680895,25,0
12.2966854623481,6016.136759372,0.1822258842766613,2,489.24864979210383,94.39287418935771,0.0,0,0,0.06453699115751713,6,0
40.32642854684796,23337.18075380955,0.14873767640217478,5,578.7068578785328,184.2007269169568,0.0,0,0,0.0813717022646476,15,0
38.16306835199787,11153.915764892265,0.23851433472323272,5,292.26988936041215,73.98522536447406,0.0,0,0,0.10620150214168952,20,0
15.136956525134744,14233.494164727485,0.10473183878112369,3,940.3141338942825,96.77309878783853,0.0,0,0,0.041880109821862264,28,0
18.874324445793174,10113.982906109972,0.14711392730713208,6,535.8593328814075,294.1210877362445,0.0,0,0,0.058379764058534345,10,0
8.981131489024765,6256.077373049017,0.2535851011834722,5,696.5800891228624,114.99043833575729,0.0,0,0,0.039881725596977,20,0
28.97462291449985,17451.799803296697,0.20247842822142692,5,602.3132675374093,287.15590521083834,0.0,0,0,0.031691119470036014,14,0
29.167849232049537,30287.418205831083,0.1966768460204343,2,1038.3836656887052,231.9298616482595,0.0,0,0,0.016455597332914126,19,0
14.211668242149853,8051.294756788565,0.21163490821511963,2,566.5270691381278,193.1703590796457,0.0,0,0,0.03552928583246933,15,0
13.936168056214118,8504.551887925416,0.10404502013743608,5,610.2503825743726,21.134613016086192,0.0,0,0,0.027440081106749264,29,0
2.8991168127174225,3440.4454161750605,0.01372168632409898,5,1186.721901333198,217.3769627472865,0.0,0,0,0.11734600394191712,18,0
9.694786072326593,8814.061864900807,0.24142767381303243,1,909.1548590288361,217.60142734603644,0.0,0,0,0.02158348615297485,26,0
6.289706590477014,5682.505134617263,0.22077126484266948,6,903.4610840545266,257.7954227963815,0.0,0,0,0.0534414909777533,24,0
12.053881751686996,11044.768114682392,0.04334414112234689,5,916.2830980266276,260.6753125526782,0.0,0,0,0.04452960674157841,13,0
21.857678856729336,26345.483623463493,0.16083413429769217,2,1205.3193660749798,255.8806892929065,0.0,0,0,0.07361111989855725,6,0
24.449501265573517,18834.382810312898,0.13890594000024384,3,770.3381187915244,285.97341954594043,0.0,0,0,0.10729689357261173,7,0
17.358108678052375,1082.4123598547908,0.16244354609858788,4,62.35773608350517,296.6563199762116,0.0,0,0,0.07159174347374346,7,0
5.910242130148875,7733.8545597928705,0.14593191583881038,5,1308.5512216735628,71.73090525664307,0.0,0,0,0.0293571634985097,21,0
33.17217588545699,39790.79569083009,0.2104065969351416,2,1199.5232338158069,142.64451220815533,0.0,0,0,0.02288326354388609,14,0
19.24399333380449,19665.658078268745,0.24133225073533024,2,1021.9114991961438,153.2294221642028,0.0,0,0,0.012190900878928271,10,0
13.107835040718037,1024.491390307852,0.17649126635466325,1,78.15870333471416,123.49174078232575,0.0,0,0,0.03132640013579443,11,0
34.98896666544989,36114.229398374926,0.23133053029777778,5,1032.1605020143732,117.80182276504465,0.0,0,0,0.07192559827885452,6,0
29.367673200955934,10159.065954757803,0.24579020676776583,6,345.9268252286027,193.2176696016611,0.0,0,0,0.013901768279128804,21,0
44.78913995841932,29309.417215841233,0.17805434814210094,3,654.3866938068263,297.0401829971854,0.0,0,0,0.11968742625549063,15,0
26.3202891972243,5561.691742191774,0.1869374285966618,4,211.30815472872166,98.70887432471123,0.0,0,0,0.11468406182457148,9,0
43.892431396635004,13847.512723024285,0.080501313342383,2,315.4874834317312,80.3380770105516,0.0,0,0,0.07841546095625328,28,0
43.39500608758919,40345.982816450785,0.20132701154647734,3,929.7379227235456,216.93964837273052,0.0,0,0,0.030057806854029548,25,0
17.095492698479088,1594.8022812765616,0.19440703955405694,3,93.28788057792826,200.6143596476944,0.0,0,0,0.08388906031751706,21,0
10.176059147916213,14071.476969436324,0.22252007180613553,3,1382.802199249971,283.43847249278,0.0,0,0,0.02721941943377913,13,0
25.79751811718794,7191.068935772464,0.1794637246811928,4,278.75041711789004,290.9483602379033,0.0,0,0,0.040965386012688905,12,0
27.497889455433373,5074.986151997674,0.014586191791516732,2,184.5591153540293,33.87375646931141,0.0,0,0,0.01311516053331748,27,0
28.045649471541083,31161.712072656486,0.04253827668737504,2,1111.106808358187,135.10926365945323,0.0,0,0,0.06413604727618898,19,0
21.203237141064566,10861.5436210846,0.2991607245690871,1,512.2587437391302,13.021928770353897,0.0,0,0,0.07072413363696467,20,0
12.994622083855974,7174.437878103539,0.004754340228616116,2,552.1082361461507,113.51493851397305,0.0,0,0,0.05960882972112823,18,0
38.38957164180676,34146.21742175784,0.2774825817127977,6,889.465965923208,236.36896976288253,0.0,0,0,0.07542062471884341,11,0
7.124602650179338,9727.51037243977,0.23168898176965305,6,1365.3407565395823,259.7550170178251,0.0,0,0,0.11504176090370641,13,0
44.90025089172885,49719.42630198789,0.23000636860804502,3,1107.33070115532,299.460584832535,0.0,0,0,0.005408386390448374,24,0
33.50668156446631,42257.91614993806,0.09306164948366696,3,1261.1787911206459,70.98427844474897,0.0,0,0,0.0014272211786338174,17,0
8.30779832115445,9105.136264523813,0.05050721078668941,4,1095.974638832899,27.236594453154737,0.0,0,0,0.041119253878283656,15,0
2.1445900202963357,1008.1830170059932,0.25002254370277543,2,470.10524504197974,161.69597185491565,0.0,0,0,0.049054251108770965,7,0
16.20378614509542,6258.5819134436515,0.031650325401026934,2,386.2419472462617,38.622716091066664,0.0,0,0,0.0007483590557611474,21,0
29.83941013843215,32371.72587845021,0.08675739653328612,5,1084.8648055799374,89.82899520988619,0.0,0,0,0.025457701424156796,12,0
41.28844561695264,50705.72921376077,0.2665402241511365,6,1228.0852053423266,274.5299770566643,0.0,0,0,0.0749005031307202,20,0
31.363868007065374,2018.9497107922407,0.08619553611912585,4,64.37183418631368,217.8691830102287,0.0,0,0,0.11319481037652493,26,0
16.948988673833043,3341.5360368277825,0.25306755432948197,3,197.1525322915971,48.903753677944884,0.0,0,0,0.07566747031090967,17,0
7.304345180427886,6021.86277203748,0.1479282870624137,2,824.421987637326,84.01127297932366,0.0,0,0,0.015185808592520939,20,0
4.56260612862037,3499.1483378733715,0.04926785725391357,5,766.9187826500894,48.53845028392948,0.0,0,0,0.11358106826628991,13,0
24.004925279750047,3470.179211112064,0.21483006736902996,5,144.56113362866495,47.14045326956595,0.0,0,0,0.09102871384718608,28,0
43.72365470036441,22246.612596121024,0.20984994601732923,3,508.80039073988047,163.46642245844833,0.0,0,0,0.05129011548465654,23,0
7.571524552262966,457.1354984385491,0.05885187442959402,4,60.37562122174208,256.69178011105936,0.0,0,0,0.10635037159025926,17,0
14.713953509240902,18820.557128875265,0.19558537069623824,6,1279.0958675420081,35.00842799253861,0.0,0,0,0.07901702966366389,24,0
31.993174971806994,22033.57647130272,0.2829787908423555,6,688.6961513109948,206.34600768727628,0.0,0,0,0.06974533358937961,14,0
8.177889258629966,9244.63796760964,0.10489308898020706,4,1130.4430367351765,96.05386930152899,0.0,0,0,0.11548477577118725,9,0
2.8505564895093145,1365.1585659088341,0.16848810852857488,1,478.909493964748,163.4394421399767,0.0,0,0,0.10337294207658301,11,0
12.256556309585676,9530.780878180665,0.22310297378276825,2,777.6067467439267,271.4425648160435,0.0,0,0,0.001274957450689511,16,0
18.47864183346327,24526.347911312005,0.13265234629355915,4,1327.2808755293283,124.49828652838755,0.0,0,0,0.06577541419116122,6,0
36.581100872313236,44084.24120123503,0.13168130761964048,1,1205.1097465631665,10.20282471797943,0.0,0,0,0.061886486497743094,9,0
9.314169138355435,8984.613065572197,0.17498245556276257,3,964.6177702070992,75.65758564001473,0.0,0,0,0.02095888836263557,7,0
27.26527326013954,23941.11705681127,0.28881565677201054,1,878.0809503865115,68.71544468765683,0.0,0,0,0.08609585093113406,20,0
13.339011158843473,4631.788727300122,0.2202432448030358,6,347.2362885182346,132.37877489107356,0.0,0,0,0.0839775922472303,14,0
13.484620360009945,10220.439954878484,0.2689972335234554,6,757.9330883640054,255.84266046596113,0.0,0,0,0.053162586127169016,29,0
16.483969534761655,10995.455570012295,0.26455248484114535,1,667.0393042661784,262.5461245629116,0.0,0,0,0.035642702554865104,25,0
11.91169439857709,11941.069102122223,0.05471169468419105,3,1002.466039050552,210.72472225890115,0.0,0,0,0.0021246411150517594,16,0
26.60762876822683,3887.57795659962,0.16595730491762056,5,146.1076441821799,13.918067955249413,0.0,0,0,0.09707813934711314,23,0
12.516533840414212,12555.847613079432,0.20009702198820203,4,1003.1409472595585,182.21150708056086,0.0,0,0,0.11906757264812658,14,0
15.370569154514982,4537.44443482555,0.14809047607978887,5,295.2034104405764,101.61078629132761,0.0,0,0,0.10343016980229174,7,0
14.400806767301358,5346.70061507397,0.1638066311946021,3,371.27785279462614,299.3453324934427,0.0,0,0,0.09581099489110385,7,0
22.612224791369204,14652.79805812594,0.13747305206235957,4,648.0033784078922,227.71035314150373,0.0,0,0,0.009414376297431776,24,0
12.011047592569511,4668.959122792886,0.25134145358394916,1,388.7220566573461,155.1365861118424,0.0,0,0,0.09558424924143283,29,0
22.231086592434995,22361.643244330568,0.09392121571951677,6,1005.8727067322026,211.764253614778,0.0,0,0,0.7864666900565047,1,1
6.1999876223812755,7665.917729006708,0.02217900820503107,1,1236.4408118063955,22.319416071609965,0.0,0,0,0.5502685627749345,0,1
10.938123688984401,4715.409102576239,0.11969109245700187,3,431.0985354211205,253.52233585428965,0.0,0,0,0.583584719935632,0,1
10.392457496157235,6879.920205537097,0.2623628459098529,3,662.0109062828546,251.39767992800287,0.0,0,0,0.41855108271829233,2,1
35.54795482270288,2298.7970513343193,0.03672260662966503,1,64.66749107788843,0.02417445642043381,0.0,0,0,1.2701986445997644,2,1
44.69846786069049,18079.173400225744,0.07661709091608679,2,404.46964438629556,73.41759632812004,0.0,0,0,1.387398718530429,1,1
22.8982048034562,16456.765475368906,0.28778793187157337,3,718.6923873126055,243.2023792521703,0.0,0,0,1.20614786973572,1,1
1.4048053253424273,1913.3022415513456,0.024094162772746286,1,1361.9696672811017,164.17743057738906,0.0,0,0,1.3334935821714633,0,1
38.540714108219106,21947.69369441474,0.017994071973207137,2,569.46774864595,39.08340344840203,0.0,0,0,0.4072302165732627,1,1
36.21539535464614,16962.82954160973,0.12763788819431646,3,468.38725286574953,13.17256099357219,0.0,0,0,0.6046186665429369,1,1
35.19938962294583,37941.22176893573,0.0741800587365274,6,1077.894309400256,250.04853099589647,0.0,0,0,1.2628100184748017,2,1
4.410858916814756,3892.073204805419,0.10008635229362105,1,882.3844240332287,79.41368645368023,0.0,0,0,0.45485914006404365,2,1
11.751466410740784,6768.72691794462,0.25122287290092815,1,575.9899812808073,198.9163464946638,0.0,0,0,0.9027867006002981,1,1
8.33980689556243,10043.22357790579,0.15876276493341576,3,1204.2513338348085,62.40565312143459,0.0,0,0,1.1681323860194275,0,1
7.490663654309484,6402.355098060512,0.04233726467160681,5,854.7113304676478,41.99645549346829,0.0,0,0,1.4417126406269016,3,1
26.38139096364814,13893.274805514575,0.2466440035594048,3,526.6316254764055,168.32615538133027,0.0,0,0,1.4337108101612386,3,1
35.61322639379514,27029.093818225123,0.22622418934982264,4,758.962232720773,82.22453900213878,0.0,0,0,0.9456751177293174,0,1
3.5126204814793294,731.8207158048062,0.05412798563550699,3,208.34038851148594,9.702542685315397,0.0,0,0,0.5978810087736434,3,1
4.690361988872004,5002.423307033108,0.06980801993337064,4,1066.5324593072937,85.11927195647775,0.0,0,0,0.9154528764107289,0,1
30.53289373606082,34327.04426627706,0.19649329150777142,2,1124.2643610204284,0.9074057664260393,0.0,0,0,1.1696766594391506,2,1
31.544743090100823,7829.736871277445,0.0022997922204832876,2,248.21051320384743,227.49117316813135,0.0,0,0,0.43068658434112705,0,1
43.44636053383428,8399.793888611903,0.17229523276181,2,193.33711237033262,94.02802375564367,0.0,0,0,1.0651488313342543,1,1
44.19688598317901,20340.5896775545,0.03541578140062377,3,460.22676089206766,144.4395053316618,0.0,0,0,1.0936886365406933,1,1
30.065875537934012,17115.74073642345,0.28175652147712715,2,569.2746487568133,167.9442311849735,0.0,0,0,0.886232908524641,3,1
40.724313877276444,42815.59861791933,0.1995083040546291,3,1051.3522400142826,82.78864485692596,0.0,0,0,0.455374216224446,2,1
4.105707328884147,5322.5670945374395,0.11273752391087363,6,1296.382491049115,165.22470227646446,0.0,0,0,0.6167928979175293,1,1
42.29570822676643,24240.708677936873,0.07439853872722135,5,573.1245484286837,221.02275111039646,0.0,0,0,1.3766441093782391,0,1
17.39638114030252,23468.66713830957,0.217852843677463,4,1349.0545504282654,1.6820695197080182,0.0,0,0,1.059241755231045,0,1
16.995702126913365,1631.307804782395,0.01915527587472172,1,95.98354881727155,70.65496479001008,0.0,0,0,0.9215135285338844,0,1
40.69248370856791,12956.903365434346,0.2577519520762993,3,318.41023659871206,54.7203100100473,0.0,0,0,1.429297198442169,0,1
10.498052220675785,13263.474207572646,0.12054258520364923,6,1263.4223881502892,234.24937972692942,0.0,0,0,1.4741602524492015,2,1
36.5800144408758,43220.55811233788,0.2724165137148015,1,1181.5347471279754,91.04427231415761,0.0,0,0,0.9944212866405138,2,1
35.62904814096914,43097.54189223632,0.1077999246537654,1,1209.6181105292933,224.95750412661337,0.0,0,0,0.9698872984920558,1,1
4.421240026799636,362.2018056396364,0.11448176630297723,2,81.9231264179566,283.16597577349046,0.0,0,0,0.43145806643563445,1,1
39.50418602666085,50347.525645267924,0.22486384479529997,6,1274.485838318224,256.24182570902184,0.0,0,0,0.9469888072382979,0,1
30.915286265754833,40697.43948262491,0.08084376757730666,4,1316.4180054093779,59.18725821306749,0.0,0,0,1.0311988852126668,2,1
42.57961298704281,25413.10483560532,0.23833575722696843,3,596.8373842040006,155.77915284062027,0.0,0,0,0.4281287793448798,0,1
43.810266038459126,40868.49003482712,0.25677770460786536,4,932.8519027697857,156.41396827500742,0.0,0,0,1.0761542987709463,3,1
9.430949236802887,4835.931177832043,0.06581819592319967,1,512.7724745840574,164.7922300075492,0.0,0,0,1.33956333550707,0,1
16.07384804751016,18905.785787280543,0.24584354666004488,2,1176.1829358719767,236.31815517885926,0.0,0,0,0.6969991967317575,0,1
34.799894153748625,27082.191941062913,0.28305820911752116,4,778.2262733734675,283.5969538299943,0.0,0,0,0.8989715090147934,3,1
13.164723269557372,10300.430105398165,0.01607192319380434,6,782.4266332447176,53.21873800565218,0.0,0,0,1.3459579534397919,3,1
37.96054750633307,23578.957593302814,0.02118966014617175,2,621.1437701041868,126.80447310627638,0.0,0,0,0.7063107840306438,1,1
25.39940466003598,17872.182738121362,0.1581867436286973,4,703.6457341160391,216.1218717709549,0.0,0,0,0.3564933826850887,3,1
28.87871457970027,3059.4793015726314,0.28909013358344055,5,105.942364336508,169.08936382555962,0.0,0,0,0.36173457441136,3,1
17.278588746373323,17671.19741963597,0.11197068313950492,1,1022.7222650544913,282.65446805623355,0.0,0,0,1.4494520479470854,0,1
7.023383103645621,7819.329144668121,0.27677777680219356,3,1113.328011483433,157.22057713777198,0.0,0,0,0.7651303780075155,3,1
25.530702297358836,4876.40751653431,0.2665583007375028,1,191.00169904212845,45.19187084065042,0.0,0,0,1.333989238823524,1,1
23.889391518825907,13440.841687308146,0.03465591333228578,4,562.6280467091915,10.543942819975282,0.0,0,0,1.4001352866782342,1,1
37.089821816633716,19062.520213769978,0.00766509206148539,3,513.9555619331928,258.47896023263587,0.0,0,0,1.2901596454777546,0,1
37.57343175315522,9512.403460544365,0.07708581838938017,5,253.16834307384136,25.739456210774147,0.0,0,0,0.3717038749662002,3,1
10.811262065859731,11544.678021683638,0.15994301398171856,3,1067.8381442754883,206.70135629190824,0.0,0,0,1.1715164011947032,2,1
21.091486752302412,19779.72254980363,0.2542734485985796,5,937.8059869413623,75.53156070745702,0.0,0,0,1.4107138755965791,2,1
5.749186852193818,5135.70496821445,0.10409506043855425,5,893.2924081698143,255.97335585732935,0.0,0,0,1.471023546999727,0,1
44.16058105724011,16279.863100334733,0.18984822603234364,3,368.6514694911528,232.47219319463912,0.0,0,0,0.800401876786778,1,1
7.600843362389634,7403.206510845499,0.17787967172358204,2,973.9980365176214,251.69793276889803,0.0,0,0,0.7881391133597424,1,1
7.4761940548926455,508.0349249239106,0.23140391657830087,6,67.953683544562,28.960971631973685,0.0,0,0,1.033147429514691,1,1
8.046006380791763,3954.2864976928754,0.14379510018892477,5,491.45952793835045,259.5642817171921,0.0,0,0,0.7552740870352328,1,1
27.018739798333513,34929.492979672454,0.18872651168383187,3,1292.7876444417614,273.9532038288508,0.0,0,0,0.7829331630421792,1,1
42.82558176882485,4134.934114298103,0.14241338103026338,3,96.55290000772749,111.13155423862769,0.0,0,0,1.1107756803368238,0,1
44.36004537876725,14630.303737001772,0.16544582687214715,1,329.80813279340117,138.2550108287009,0.0,0,0,0.36929124601298635,3,1
28.117680292577422,2015.7256159899136,0.2842372233057387,2,71.68890160978287,167.5728935827287,0.0,0,0,1.451374383948831,3,1
11.718267918939292,7273.556258871681,0.16928565863119707,4,620.7023349513983,130.44869383480068,0.0,0,0,0.6354064460749316,3,1
26.174688098525106,27114.695099344208,0.17148603039453522,4,1035.912825294452,5.908559569550331,0.0,0,0,1.185220260992737,0,1
21.33699632988078,24737.925806031493,0.27655481957606304,4,1159.3912012530077,94.65999788818738,0.0,0,0,0.8014277013053366,1,1
15.826747381642148,3981.02966413412,0.2618297010714814,6,251.53808095476515,5.2919661809519685,0.0,0,0,1.3220255445162223,2,1
2.8831259253041144,2870.1358230506203,0.1388256303343811,5,995.4944381237445,194.0303788166523,0.0,0,0,0.4873793463963028,0,1
2.5937785680439505,2515.3106554547203,0.15054430691967258,3,969.7476440140358,255.7405691844711,0.0,0,0,0.37306158991597,0,1
26.655077126719227,22052.6917157412,0.06458848952678405,4,827.3355057613182,111.80707374166226,0.0,0,0,0.9276668567123384,1,1
4.564153448989174,1574.5180597739666,0.029527123161462252,6,344.97482991564976,15.4832712061726,0.0,0,0,0.6841479662613894,0,1
10.676472495031241,7475.080391480463,0.21319997593975096,3,700.1451457828712,257.983060746208,0.0,0,0,1.302316556999477,2,1
29.05868106146963,38797.11958599454,0.267141439737109,1,1335.1300943055392,43.61157439678084,0.0,0,0,0.6145781940605315,2,1
28.04693247397479,25479.90399665303,0.16945415519235682,2,908.473824019659,107.54763465717137,0.0,0,0,1.1942756817058178,3,1
24.253389772446496,32971.61779727859,0.04139289838827302,3,1359.464310211045,85.840703307254,0.0,0,0,0.4937595883992658,2,1
36.317722503779066,40692.10229695209,0.2969869535856101,1,1120.4475251089284,199.03648892954746,0.0,0,0,0.9337342923926624,1,1
1.0439530285527434,165.31756561267127,0.16747609827693685,2,158.35728341327282,159.84769254048445,0.0,0,0,0.9682638049059291,2,1
32.69039113531657,2355.4296152978577,0.07590481645567013,3,72.05265931349489,93.41756546395841,0.0,0,0,0.682077442410415,1,1
15.041758938279225,15846.239116377968,0.23218083247065557,6,1053.483118656519,65.13465185637702,0.0,0,0,0.7622827947812472,1,1
32.51201493002429,43790.30457042766,0.16310976722217,4,1346.8960525724924,128.07881476147818,0.0,0,0,0.8862137209687388,2,1
9.887633859655796,10981.614709139572,0.14875044826783893,2,1110.641318743356,189.74593585561536,0.0,0,0,1.0918701545535807,1,1
16.082684573321856,15416.586903246316,0.041034875804474014,3,958.5829301669902,269.7172189509141,0.0,0,0,1.198908536042336,1,1
43.206313574075104,23808.807835861266,0.28778695561426015,2,551.0492765146981,212.9863214751275,0.0,0,0,0.4372036620522769,2,1
27.508928114541536,14805.294993137382,0.1456415862408831,4,538.1996321881816,204.50371116718685,0.0,0,0,0.7997576629628446,1,1
21.85053880113002,15853.808824871725,0.24102108863621535,6,725.5568830207441,223.1260551695816,0.0,0,0,1.1627851019748348,0,1
44.92193440880373,35611.26805415605,0.23767367321610283,6,792.7367448178503,241.08310734622899,0.0,0,0,1.0095460806520118,3,1
39.54045389487352,33038.832051753416,0.1930558044895562,1,835.5703791259956,4.812462827504438,0.0,0,0,1.2649426113067932,2,1
41.297183490930344,4548.869774956457,0.24001525410981467,3,110.14963710431914,235.71709304358663,0.0,0,0,1.195475943954647,1,1
12.595525685591788,2817.860572749883,0.03299067558022399,1,223.71917163991625,81.25804560921411,0.0,0,0,0.718264215668501,1,1
10.894149848759056,14452.445487301324,0.059345007606893374,6,1326.6244441228785,206.68808043222685,0.0,0,0,1.0112891941211077,0,1
42.24042230690093,21271.398478392304,0.23187116756316808,4,503.57920959793853,146.4869569405662,0.0,0,0,1.0434995658498298,0,1
12.594464506111853,10512.741253728225,0.23525634816794447,3,834.7112533944252,81.68573118779484,0.0,0,0,0.9679560965353334,2,1
27.591712489271607,38611.334724168875,0.22775010818767563,5,1399.381598339791,224.3359658055468,0.0,0,0,1.4351044538267925,0,1
27.16255235457491,2455.1001191744576,0.293778444053277,3,90.38547214289869,289.677434392377,0.0,0,0,0.4756207756984572,0,1
16.448842502335946,22203.882703753377,0.16320694807355668,2,1349.8750869916921,59.93976792207605,0.0,0,0,1.0807735480305283,0,1
42.10118171884021,32058.01152299246,0.08513283965587036,4,761.4515843541407,48.87400886833304,0.0,0,0,1.0207440491745432,3,1
19.099010297500286,3815.7723215519636,0.008229963742826961,2,199.78900802265022,55.61570708857047,0.0,0,0,0.5549069827168405,1,1
8.180529402375281,2258.8777261396517,0.1515773014316584,1,276.12855049255967,250.81258785766408,0.0,0,0,0.8888573016669155,2,1
29.43711497829487,22496.65357363302,0.27496220840860836,5,764.2275267199478,293.12483965346905,0.0,0,0,1.1733010728218578,3,1
20.879463578019323,12290.902770487584,0.2305998015325453,6,588.6598917908374,8.604298127516651,0.0,0,0,0.44318554677909316,1,1
21.449416967197557,21479.315163060317,0.11413799810451433,3,1001.3938931724103,183.38583059278724,0.0,0,0,1.0310198921550837,2,1
5.613181057157743,7149.35110941167,0.045078704921152964,1,1273.6719226783275,152.86386836766764,0.0,0,0,0.5241330614608023,1,1
16.90324315854271,7258.114437666727,0.15355268854100798,2,429.3918255561837,88.07165203109248,0.0,0,0,1.1921154664537705,2,1
7.379169347330794,843.3830390345096,0.05844112660819706,3,114.29240871665041,270.76338696247603,0.0,0,0,1.476782400747355,1,1
9.581494869547319,2916.6617722009537,0.1505292680245474,1,304.4057124604767,241.99985681280486,0.0,0,0,0.6269871152006838,3,1
40.37972988673161,4672.307834361877,0.17443877525691878,5,115.70923944929984,239.38084473210708,0.0,0,0,0.927578234165773,0,1
22.295455946154195,12888.388346329257,0.10653659931997385,4,578.0724277384608,1.486910473830172,0.0,0,0,1.2658091025671343,0,1
33.64208405197427,23351.172113754325,0.03888610338441798,2,694.1059917001179,179.32652646525722,0.0,0,0,0.8236353951871336,0,1
23.515398293661903,21710.7206660727,0.14348801803564015,6,923.2554939086183,278.916921040754,0.0,0,0,0.8699406903976127,1,1
8.385635398373832,7309.688590523165,0.07245212400868697,1,871.6916778829523,163.27502606581209,0.0,0,0,0.37527089259372703,3,1
20.558833824528627,3898.0885637361744,0.22698014397788865,5,189.60650185738587,57.9276599020908,0.0,0,0,0.8422045192289878,2,1
19.857693061764145,1644.4144413652202,0.20861918736483,1,82.80994354432485,28.139203781285936,0.0,0,0,1.2201803897503058,2,1
13.103287409832303,15784.430398080696,0.24540450584234472,4,1204.6160558331756,281.9618327047109,0.0,0,0,0.6104974709487534,3,1
5.973506562594748,568.9459952407992,0.061588611550181326,4,95.24489330997952,215.9379523508404,0.0,0,0,0.9438798768996715,2,1
22.736534838308096,5891.153809264139,0.09542314903015182,4,259.10517372851,256.87778807905147,0.0,0,0,1.1299025588841165,1,1
31.146521926584846,25837.093825485583,0.11503688303471354,5,829.5338364388144,90.00315332381427,0.0,0,0,0.9135769546191442,3,1
16.64295049952615,18398.70008068519,0.13836821465779817,3,1105.4950912224986,12.859631471093591,0.0,0,0,0.42100851467109857,0,1
19.337579414641542,18573.45417790482,0.08836958694473623,5,960.48495934511,150.97472843881383,0.0,0,0,1.1779179299061595,3,1
9.192932304428206,7901.913165729955,0.26986936508348824,1,859.5639458721597,157.22817067379532,0.0,0,0,0.8584393939829581,2,1
29.82104851690023,18554.536595421498,0.23409894272510648,2,622.1959829784738,143.63996976161548,0.0,0,0,1.367151013690291,3,1
44.104559800639564,48682.558326951534,0.012958540895501414,3,1103.7987579290063,0.8907417043629628,0.0,0,0,1.234901060289661,3,1
31.25893582106027,36082.36428738753,0.21488504289046462,4,1154.3055878145904,293.9845751198955,0.0,0,0,1.0928287547271476,2,1
2.96340948182798,1459.6352060053412,0.05228888029148606,2,492.55265428420125,230.23555076258694,0.0,0,0,0.8530110700754728,0,1
25.81402504583357,24717.940326751737,0.27342424294248924,3,957.5391781353081,50.14356643089045,0.0,0,0,1.1781303019086757,1,1
24.394934978222068,26048.127323767665,0.19527417656191878,6,1067.7678520980458,129.53808527741035,0.0,0,0,1.2952998621641378,2,1
6.031092086228805,789.2683594223961,0.26308935107384945,1,130.86657410265468,159.6311897548061,0.0,0,0,0.702832101800427,1,1
40.59656474217914,39526.73684708056,0.08742740960471829,1,973.6473294749729,192.61595853567655,0.0,0,0,0.8917870421557388,0,1
12.651082646616441,7107.516125201835,0.2936764322417514,3,561.8108998049076,213.72553074980237,0.0,0,0,1.2124069300066558,3,1
34.49869523667055,11679.513014410559,0.08400194577466825,6,338.5494127904225,84.04936246341441,0.0,0,0,0.5708850642420704,1,1
16.298483252366417,1959.0575457692723,0.28326123491798855,3,120.19876423070423,269.05663660119797,0.0,0,0,1.4293463174752512,0,1
44.452797720243055,5225.204956473984,0.01990890694811057,5,117.54501908649303,91.3385026384721,0.0,0,0,0.8822853653241229,0,1
37.832371903229046,40550.89200227597,0.187569853880541,3,1071.8569828505756,35.49774334028679,0.0,0,0,1.114265940905153,1,1
39.45275015406814,28064.08783058371,0.12536568362321987,2,711.3341331336798,9.090935649305298,0.0,0,0,1.378708846794496,0,1
37.56582243586558,42258.347879779525,0.2065440125084384,5,1124.9147533486132,135.68135001024353,0.0,0,0,1.3575965477487482,0,1
5.656788904478277,5723.8622732291215,0.2805816876672349,5,1011.8571454377137,38.07108313966929,0.0,0,0,0.7600130337408295,2,1
33.99472634350017,29678.099292354782,0.06865247562562926,5,873.0206853990243,42.910459249717256,0.0,0,0,1.3639490281985727,3,1
33.46097968983449,16712.86028347598,0.28602237229482197,1,499.4731307449847,288.2718202584382,0.0,0,0,0.7912087457464713,0,1
4.556457313200507,4581.982712168149,0.24549183892276655,1,1005.6020274553418,150.17235113521033,0.0,0,0,1.1965797834312975,0,1
41.16642147514526,14756.633621014824,0.03814217657489555,6,358.4628707628698,115.62380436995795,0.0,0,0,0.8378203817208573,1,1
23.84263066412832,30173.6281242834,0.1976412082758928,4,1265.5326733589086,8.24839728224578,0.0,0,0,0.35534913194750295,3,1
31.953360000861757,42553.66782553876,0.22609853024655355,4,1331.743135131677,155.2063143734778,0.0,0,0,1.4303598210829689,0,1
29.855849911381213,11133.53315957149,0.11353901755354692,3,372.90960373321434,261.04558677796535,0.0,0,0,0.9206425586966006,2,1
29.148871469477776,27033.829517004102,0.29248506478035535,6,927.4400055354333,250.68095497149892,0.0,0,0,0.4282299000334459,3,1
17.90083242921967,23486.960111599754,0.19291438902095298,3,1312.0596600447366,130.18221245656503,0.0,0,0,0.8999826384058592,1,1
27.833607027493763,26957.95076345605,0.2702257443054314,5,968.5396052630639,261.9197480252456,0.0,0,0,1.4555100756629447,3,1
33.20124718306852,16326.539057449667,0.15835712928328144,6,491.74475185906977,107.28077690152672,0.0,0,0,0.6153503104179967,2,1
42.656104074937936,37089.32393045627,0.22641832949838805,2,869.4962827664244,86.54084801716552,0.0,0,0,1.4143578251807338,1,1
21.900176946523246,28933.255241177823,0.020936280386466475,4,1321.142532858444,76.7422444437529,0.0,0,0,0.6127898413944699,0,1
20.850493556779057,11379.584517045063,0.046753025498502805,6,545.770510710297,271.78026537701635,0.0,0,0,1.3009383259446121,0,1
13.762066806820574,15602.691327951565,0.23353709877722922,3,1133.7462277264026,125.97782469497214,0.0,0,0,1.2138541836170584,3,1
24.250817644331,16139.704964240716,0.1343359069909959,3,665.5324039358161,161.90485033879742,0.0,0,0,1.0550179948259517,3,1
40.40207983920291,34915.85224025681,0.17604559020748076,6,864.2092778198337,274.14013045250925,0.0,0,0,1.098136412584474,2,1
33.321485875828735,11631.881794807794,0.05262891781499659,6,349.08052534492504,114.62688759226658,0.0,0,0,1.1200396694961496,2,1
24.73867647918852,18010.561726953478,0.025015069965778312,4,728.0325502500068,272.40653102095433,0.0,0,0,1.2257807557395337,3,1
41.923771571462105,54280.49196674025,0.09312746806761142,6,1294.7425752049817,155.48277289179833,0.0,0,0,0.9493562563641503,1,1
21.627124022083592,29939.85988531063,0.2595405740334296,6,1384.3662178447237,62.62838380593448,0.0,0,0,0.9845934616122414,2,1
36.20041484367466,20886.58291351296,0.2146736102533897,2,576.9708165972164,41.92200690599803,0.0,0,0,1.3031756999672033,0,1
42.413791951204644,7979.512107730296,0.27681210817700497,6,188.13484342334687,95.18780700975834,0.0,0,0,0.646451823298051,3,1
15.079513134123687,2694.2524230170657,0.1520840046688521,2,178.66972222864385,130.83857774528957,0.0,0,0,0.8276970223047067,3,1
31.36827838198594,38231.66543959026,0.2667988592260952,5,1218.800246989194,126.74648127319087,0.0,0,0,0.9496306949621851,3,1
3.8479183532308237,297.8341634516885,0.2812203174384488,2,77.40137292716159,129.72005620895993,0.0,0,0,0.634534647897424,3,1
40.29183413294574,28493.42760680244,0.18936100139967693,4,707.1762360776721,53.77876687158499,0.0,0,0,1.054388357421195,2,1
15.001275608556579,7329.015289662427,0.013627961392048115,6,488.5594719346419,70.06677691936557,0.0,0,0,1.0528251801408866,1,1
10.220984230553798,4403.036191528461,0.2801659614243708,3,430.78397267910606,50.82981720689821,0.0,0,0,0.557063011543866,3,1
16.01766508633061,17847.17773238403,0.1300506326237657,3,1114.2184354706428,163.33806079954954,0.0,0,0,1.1857277538606534,3,1
31.29934321251564,11878.861065778327,0.1075209545655726,1,379.5242917758203,126.95159188285868,0.0,0,0,0.6831469870142446,0,1
40.72997325610331,8464.75484759305,0.2760961367709953,6,207.82618231463297,5.078587814890789,0.0,0,0,0.646377963616268,0,1
38.53559762052833,15324.455974949666,0.2180553140646059,4,397.6701263557455,172.22232551165615,0.0,0,0,1.1774831710422693,2,1
31.516927167546843,23732.378446009385,0.13316623291195162,4,753.0041973903709,125.65534999973654,0.0,0,0,1.0702336822343153,2,1
1.3882387931089855,616.7199755350027,0.10757458722697621,4,444.24632029900806,80.46684480785107,0.0,0,0,0.7432247918784047,3,1
20.68716250911237,20846.36642272761,0.24781974618000097,2,1007.6957830028703,192.21396607537756,0.0,0,0,0.48197232917582405,3,1
25.939326898155166,31303.92732765347,0.09458738063034323,1,1206.8134015412652,22.837273416456206,0.0,0,0,0.4130449879858932,0,1
22.268955463642477,15194.34355466366,0.04555769499938404,4,682.3105636665707,109.328578727481,0.0,0,0,1.1936521176073227,0,1
39.48229782697437,21152.473370070606,0.1671727841445097,1,535.7457527616136,171.59880020646258,0.0,0,0,0.8242127038978391,2,1
8.179229048975674,9330.39075087747,0.2061495236468407,2,1140.7420791139186,102.10383922677258,0.0,0,0,1.224149090465454,0,1
26.88745345302636,21715.076888742195,0.28333950223951604,6,807.6286185554706,296.71772536856184,0.0,0,0,0.6762149667737818,0,1
43.10557795807951,44400.73310716676,0.09351492615086285,4,1030.046114921526,69.31195632659528,0.0,0,0,0.7870914844526691,0,1
2.251444571975425,2524.228627449506,0.29914962665349887,5,1121.15956966897,23.85177865938941,0.0,0,0,1.408878527690924,0,1
29.21555765407622,31107.09575185725,0.12611309101091145,2,1064.7442065004402,191.35116269487105,0.0,0,0,0.6952880911059873,2,1
13.26222850088173,7301.531923262598,0.2410755143131799,6,550.5509064918585,267.44084067135304,0.0,0,0,0.7196699340752238,3,1
19.458416105545354,6038.905042609785,0.13196817442702855,6,310.3492601789304,64.14776412352626,0.0,0,0,1.1834536246326517,0,1
43.11756900731952,5808.755726728241,0.08775912117699462,1,134.71899878544087,4.945233150215755,0.0,0,0,0.35663450969390126,3,1
24.855678965799523,34569.435459663175,0.2229744144812153,4,1390.8063226608863,295.1235327651459,0.0,0,0,0.9422745839194084,2,1
30.556814108167785,23133.69688769462,0.2244852626690036,5,757.0716242146141,164.52824666333325,0.0,0,0,1.2516282710298545,2,1
37.442543092759244,6259.233205704392,0.24429828821262356,5,167.16901921426438,236.16253740663348,0.0,0,0,0.8040117718220823,2,1
43.63588704203417,60610.22352245459,0.27942534563163834,1,1388.999459643599,65.3862538674557,0.0,0,0,1.146810524369949,3,1
12.507257272370904,3683.358096913339,0.10102792860738806,3,294.49766777005885,200.59073058156557,0.0,0,0,0.741756083240412,0,1
6.7196093436685995,7225.070683474525,0.19746136929160737,3,1075.2218341803136,83.72293757485677,0.0,0,0,1.1778118775318545,3,1
35.21467911905916,10080.409466774383,0.2597310427095353,6,286.2558943869117,220.9232107894799,0.0,0,0,1.1560427621061502,3,1
19.55843679716855,12869.710535531587,0.06431282180890875,3,658.0132486556757,225.95104642333817,0.0,0,0,0.47790607102590654,2,1
41.906101228180795,10808.389200819624,0.07664922489198794,1,257.9192261758594,107.27297920531728,0.0,0,0,0.6205765275320871,3,1
27.879654614850203,19169.649610259192,0.29827395502587484,1,687.585620233918,114.02231730965234,0.0,0,0,0.7913455511651555,2,1
11.520727347713771,11557.671904689967,0.14079272401853696,6,1003.2067903233146,182.13935146145246,0.0,0,0,0.4077099194268772,1,1
40.17036631458275,11505.781352792143,0.19687468280867057,4,286.42460620567664,45.25731977093809,0.0,0,0,0.7432090909845341,3,1
34.640928727640826,8468.575076684789,0.038683434779292855,1,244.46732197244788,97.60314826419585,0.0,0,0,1.4207989265772585,1,1
28.846916842122976,30651.22832239667,0.11344710107798942,6,1062.5478102269492,123.6864291193114,0.0,0,0,1.0697996213933787,2,1
15.592457871045053,987.9439322713382,0.19810561399478174,4,63.36037207488208,222.284443274219,0.0,0,0,0.5788267995436439,1,1
40.995292909038334,8804.498520125002,0.13807109047426652,1,214.7685232951184,180.34918208204328,0.0,0,0,0.569042668717888,2,1
9.203390723183986,3279.8767170408396,0.2593872970964158,4,356.3769936202535,208.05047203316772,0.0,0,0,0.47598436813701184,0,1
42.2147567278457,14783.08907979805,0.017918798727169716,3,350.1877122046004,247.8101087066691,0.0,0,0,1.241370206712804,0,1
34.91726861057031,45311.00724953174,0.20054817271674352,5,1297.6675740271103,213.4032667661015,0.0,0,0,1.109276151395306,2,1
2322.9798970832517,3252171.8559165522,0.0,4,1400.0,165.24479654033496,0.0,0,0,1.3196890285907295,0,0
8563.299559310297,11988619.383034416,0.0,6,1400.0,240.0533976134296,0.0,0,0,0.7153034942349624,0,0
8771.455284443711,12280037.398221195,0.0,4,1400.0,16.95016070561638,0.0,0,0,0.6343661737927218,2,0
6711.528444048816,9396139.821668342,0.0,1,1400.0,211.79902131874385,0.0,0,0,1.3669541699818635,0,0
7791.123426537152,10907572.797152013,0.0,4,1400.0,295.8374827637158,0.0,0,0,0.5774601089398768,0,0
3283.6794902730194,4597151.286382227,0.0,6,1400.0,61.69421325099985,0.0,0,0,0.4620047797307224,0,0
4768.101737936093,6675342.4331105305,0.0,1,1400.0,289.2496013514187,0.0,0,0,0.47853258217881134,1,0
2822.945678746022,3952123.950244431,0.0,1,1400.0,141.9920388632429,0.0,0,0,1.1009703271801543,3,0
7762.347541022885,10867286.557432039,0.0,5,1400.0,98.10621203883035,0.0,0,0,1.0789540368078154,2,0
9070.675561235263,12698945.785729367,0.0,1,1400.0,6.567040727367967,0.0,0,0,1.101596520778112,0,0
4556.945846874387,6379724.185624141,0.0,6,1400.0,30.191243814053294,0.0,0,0,0.9476775852221686,3,0
10449.699586703713,14629579.421385199,0.0,4,1400.0,113.19382697303776,0.0,0,0,0.4521016530959798,2,0
7628.715293943029,10680201.41152024,0.0,4,1400.0,248.6137710194331,0.0,0,0,1.4693231800105009,0,0
5181.0667444181345,7253493.442185389,0.0,3,1400.0,262.27239985738265,0.0,0,0,0.3939727919381593,2,0
1965.3436526045928,2751481.11364643,0.0,5,1400.0,248.55565802402785,0.0,0,0,1.166098153055049,1,0
6478.50672223428,9069909.411127992,0.0,6,1400.0,141.91862083949903,0.0,0,0,1.3115205631979325,2,0
3155.1313833036747,4417183.936625144,0.0,4,1400.0,5.185871937629227,0.0,0,0,1.3754037190532373,3,0
8061.86228574431,11286607.200042034,0.0,2,1400.0,137.40091752891658,0.0,0,0,1.0960445318678422,0,0
7710.225866384425,10794316.212938195,0.0,6,1400.0,43.27236793414313,0.0,0,0,1.3674169153316207,1,0
4291.739565832435,6008435.392165409,0.0,6,1400.0,74.1018082626424,0.0,0,0,1.2609447098594186,2,0
6956.124233035667,9738573.926249934,0.0,3,1400.0,159.5902309723917,0.0,0,0,1.0414888375718598,0,0
9645.829698907795,13504161.578470914,0.0,6,1400.0,142.32651798281958,0.0,0,0,0.8615257281733913,0,0
10424.587471664549,14594422.460330367,0.0,2,1400.0,214.67385018852863,0.0,0,0,0.6791299297886946,2,0
8172.252796955602,11441153.915737843,0.0,2,1400.0,285.32161398646684,0.0,0,0,1.0878560911646993,3,0
6828.88451210119,9560438.316941665,0.0,4,1400.0,260.68733502109257,0.0,0,0,0.7332984986225406,1,0
9763.261429583577,13668566.001417007,0.0,4,1400.0,27.705627792750764,0.0,0,0,0.8144782095253673,0,0
5465.415649742155,7651581.909639018,0.0,1,1400.0,72.20611131261504,0.0,0,0,1.3434404357974972,0,0
8526.787502442621,11937502.50341967,0.0,5,1400.0,75.91665137880113,0.0,0,0,0.8445080509697109,0,0
6325.466115024976,8855652.561034966,0.0,2,1400.0,50.15709454429901,0.0,0,0,0.4892581925668058,3,0
6800.707391622784,9520990.348271897,0.0,4,1400.0,243.43929246032428,0.0,0,0,0.7621097715381405,3,0
1771.3596735060735,2479903.5429085027,0.0,2,1400.0,149.71683407372305,0.0,0,0,0.9963757596843593,2,0
10349.067278390148,14488694.189746207,0.0,2,1400.0,207.902455729642,0.0,0,0,0.6370293760330716,2,0
7368.041382822143,10315257.935951,0.0,2,1400.0,251.8057349636518,0.0,0,0,0.7834505615611891,2,0
9833.634709600521,13767088.59344073,0.0,3,1400.0,162.40144162628383,0.0,0,0,1.0693443500798079,2,0
2661.064006884005,3725489.609637607,0.0,1,1400.0,98.63776201537837,0.0,0,0,1.0515340592954532,2,0
3364.9850739912517,4710979.103587752,0.0,2,1400.0,263.3271363930926,0.0,0,0,0.5458023317004189,2,0
4356.604129842209,6099245.781779092,0.0,5,1400.0,7.158145170808172,0.0,0,0,0.9870234101329716,2,0
8378.357496431941,11729700.49500472,0.0,5,1400.0,252.47875460460563,0.0,0,0,0.7174252710486577,0,0
7660.105855041779,10724148.197058491,0.0,3,1400.0,105.23015133769478,0.0,0,0,0.7894002647755474,3,0
4477.3043663478,6268226.112886921,0.0,5,1400.0,104.98977873033334,0.0,0,0,0.6067630050655626,1,0
6894.418021853683,9652185.230595157,0.0,1,1400.0,263.23584617109196,0.0,0,0,1.2186103261449954,0,0
2285.3408093996577,3199477.133159521,0.0,3,1400.0,184.66548603210168,0.0,0,0,0.5202036527984033,3,0
6887.775858187955,9642886.201463137,0.0,5,1400.0,134.60354594515098,0.0,0,0,0.9033707859870317,3,0
8824.85968098916,12354803.553384826,0.0,2,1400.0,174.42436372509644,0.0,0,0,0.727945454304339,1,0
3842.7172665019225,5379804.173102692,0.0,3,1400.0,289.1604667861133,0.0,0,0,0.9686514854121248,2,0
5375.715417748691,7526001.584848167,0.0,1,1400.0,256.62689765638646,0.0,0,0,1.0587794723809028,3,0
5531.39472451711,7743952.614323954,0.0,5,1400.0,96.24007844840573,0.0,0,0,0.7769521130722785,0,0
9821.934172239893,13750707.84113585,0.0,5,1400.0,90.2586863329209,0.0,0,0,0.383797620528613,3,0
4504.167905860249,6305835.068204349,0.0,3,1400.0,297.6686718706516,0.0,0,0,1.408513767651994,1,0
8676.098476127849,12146537.866578989,0.0,2,1400.0,171.80988716400665,0.0,0,0,0.4575236713020305,0,0
5678.2765206527,7949587.12891378,0.0,3,1400.0,22.829863842862753,0.0,0,0,1.3782831914316933,2,0
7660.45302206741,10724634.230894374,0.0,2,1400.0,31.064763111324467,0.0,0,0,1.017321259308411,3,0
1908.2182749519031,2671505.5849326644,0.0,3,1400.0,265.90554168797655,0.0,0,0,1.2077313349236565,3,0
5011.859199173108,7016602.878842351,0.0,5,1400.0,40.21341577784241,0.0,0,0,0.7026729100426015,3,0
1990.4796895093152,2786671.565313041,0.0,6,1400.0,145.060722579122,0.0,0,0,0.5681344612947125,1,0
8175.295296682842,11445413.415355979,0.0,4,1400.0,35.94192127456072,0.0,0,0,0.45300560710993093,1,0
5335.86130721565,7470205.830101911,0.0,6,1400.0,230.10073980409965,0.0,0,0,1.0568723906400788,2,0
5510.607502897088,7714850.504055924,0.0,3,1400.0,148.9680981259599,0.0,0,0,0.7013072431316192,1,0
9912.508413944299,13877511.779522019,0.0,4,1400.0,80.97554265425248,0.0,0,0,1.4705557721985523,3,0
9404.773151667232,13166682.412334125,0.0,6,1400.0,84.35760933619335,0.0,0,0,1.4425191857561344,1,0
1489.126894716263,2084777.652602768,0.0,5,1400.0,298.4341498937867,0.0,0,0,1.267511550210069,0,0
9900.61478888991,13860860.704445874,0.0,2,1400.0,265.48652290277255,0.0,0,0,0.9704847554865277,1,0
3688.1137823104405,5163359.295234617,0.0,1,1400.0,90.80021647882978,0.0,0,0,0.453149252310588,2,0
6828.986971961437,9560581.760746012,0.0,4,1400.0,224.78091732487283,0.0,0,0,1.2895453960155123,2,0
5711.080239396298,7995512.3351548165,0.0,3,1400.0,296.58853509227004,0.0,0,0,0.8740064616437077,2,0
2161.560626094137,3026184.8765317923,0.0,2,1400.0,38.90202729988811,0.0,0,0,0.9239484590319604,1,0
9555.932909840789,13378306.073777106,0.0,1,1400.0,171.06908043645308,0.0,0,0,1.319836016184039,1,0
4244.269064716796,5941976.690603514,0.0,2,1400.0,298.0375122903743,0.0,0,0,1.0851555347357218,3,0
1845.8511905048733,2584191.666706823,0.0,6,1400.0,245.49644888514055,0.0,0,0,1.050619198549303,0,0
10052.082003232277,14072914.80452519,0.0,2,1400.0,281.05972641813605,0.0,0,0,0.36226087624954934,3,0
6841.567479008648,9578194.470612107,0.0,6,1400.0,7.342676521721014,0.0,0,0,1.137752531225337,3,0
7792.57528654241,10909605.401159374,0.0,3,1400.0,236.53609041076348,0.0,0,0,1.074111547748577,2,0
1777.7303871815084,2488822.5420541116,0.0,5,1400.0,225.33040998306373,0.0,0,0,1.204525022708265,1,0
9569.240768461428,13396937.075846,0.0,2,1400.0,249.4281434111436,0.0,0,0,0.3702805743272213,3,0
8272.680073321726,11581752.102650415,0.0,6,1400.0,115.76718591096744,0.0,0,0,0.8884229692734259,1,0
4135.117111362019,5789163.955906827,0.0,5,1400.0,79.48974780505651,0.0,0,0,0.3569870729633826,2,0
9899.993598484467,13859991.037878253,0.0,1,1400.0,158.93805847547313,0.0,0,0,1.4764522270284397,1,0
4107.449649673989,5750429.509543585,0.0,5,1400.0,172.56929281586963,0.0,0,0,0.630554653307415,1,0
3535.8753323361757,4950225.465270646,0.0,5,1400.0,184.72718470421574,0.0,0,0,1.1188831849107799,0,0
1798.484655051415,2517878.517071981,0.0,2,1400.0,142.97470286372354,0.0,0,0,1.0601429022995208,1,0
4069.1371695780854,5696792.03740932,0.0,4,1400.0,107.89108261211133,0.0,0,0,1.494761112761684,0,0
2356.363033246933,3298908.246545706,0.0,3,1400.0,256.69891746131685,0.0,0,0,0.868101541681325,3,0
3283.569405294328,4596997.167412059,0.0,3,1400.0,145.42834320683207,0.0,0,0,0.6642649744330965,3,0
9082.480219632898,12715472.307486057,0.0,1,1400.0,30.257994692996082,0.0,0,0,0.642946175951616,1,0
1628.7793715467253,2280291.1201654156,0.0,1,1400.0,124.51288394710284,0.0,0,0,1.180253919836102,1,0
3849.790995354385,5389707.393496139,0.0,4,1400.0,103.61689050362853,0.0,0,0,0.7463872764941436,3,0
2339.5322293541462,3275345.1210958045,0.0,6,1400.0,256.0829910180763,0.0,0,0,1.355435629558499,3,0
4200.138534233359,5880193.947926702,0.0,3,1400.0,151.74814392624384,0.0,0,0,0.8359651511938965,0,0
8751.86338174385,12252608.734441388,0.0,1,1400.0,14.034789565675688,0.0,0,0,0.6838779555689154,0,0
4261.244249994993,5965741.94999299,0.0,5,1400.0,138.65512874020112,0.0,0,0,1.0598462182511743,2,0
2015.601321794859,2821841.8505128026,0.0,1,1400.0,240.79485196915093,0.0,0,0,0.5573965108713468,0,0
10440.812567198544,14617137.594077962,0.0,2,1400.0,71.33762872786205,0.0,0,0,0.9757333571289287,3,0
6017.273035198125,8424182.249277376,0.0,2,1400.0,257.2500138341102,0.0,0,0,0.744160652208174,2,0
9072.479235951923,12701470.930332692,0.0,5,1400.0,260.9699777697455,0.0,0,0,0.5301549032529417,3,0
9368.961308030637,13116545.831242893,0.0,6,1400.0,218.28953627612793,0.0,0,0,0.8193446091201482,2,0
4006.8898373707816,5609645.772319094,0.0,1,1400.0,225.29500635397815,0.0,0,0,1.1509457588959642,0,0
2888.1463702679353,4043404.9183751093,0.0,3,1400.0,29.352177026125702,0.0,0,0,0.7920931196120802,3,0
3147.1611769691926,4406025.64775687,0.0,2,1400.0,205.5331795363275,0.0,0,0,0.9836677610934158,0,0
6959.509053689928,9743312.6751659,0.0,4,1400.0,164.03221867706816,0.0,0,0,1.3210934258210978,3,0
1951.0580272245913,2731481.238114428,0.0,2,1400.0,235.09325183196955,0.0,0,0,0.5368391123780317,1,0
8486.814912232414,11881540.87712538,0.0,5,1400.0,236.11539922867442,0.0,0,0,0.47427641140952803,0,0
2402.882554260829,3364035.5759651605,0.0,5,1400.0,278.8754830048151,0.0,0,0,1.4444777238297948,1,0
2210.830201608412,3095162.282251777,0.0,3,1400.0,70.55621614275519,0.0,0,0,0.5162428107222066,3,0
6350.991262722393,8891387.76781135,0.0,6,1400.0,124.20737631747907,0.0,0,0,0.9280832362628575,2,0
4963.53159335381,6948944.230695334,0.0,3,1400.0,258.69757578553714,0.0,0,0,0.9430585421527832,2,0
7595.862682327981,10634207.755259173,0.0,6,1400.0,67.96460216430145,0.0,0,0,0.7199351329842689,3,0
2706.9427118051344,3789719.7965271883,0.0,2,1400.0,11.477348949402256,0.0,0,0,0.550905254662877,1,0
8336.166535455888,11670633.149638243,0.0,5,1400.0,147.1407747302208,0.0,0,0,1.2084386206263493,0,0
9165.8276339944,12832158.68759216,0.0,6,1400.0,35.33457969604127,0.0,0,0,1.0775253633319775,3,0
1800.082890471271,2520116.0466597793,0.0,4,1400.0,95.92678523666699,0.0,0,0,0.5823225875211401,2,0
3419.715593954153,4787601.831535814,0.0,2,1400.0,200.01847489235894,0.0,0,0,1.2872738737426404,0,0
6197.765652210494,8676871.913094692,0.0,2,1400.0,221.17780332932034,0.0,0,0,1.2531870006897552,1,0
5977.315720822011,8368242.009150815,0.0,1,1400.0,276.67476087093775,0.0,0,0,1.46233771936426,2,0
6755.765901092134,9458072.261528987,0.0,4,1400.0,188.23452625110866,0.0,0,0,1.2706703732587954,3,0
7933.215539586897,11106501.755421655,0.0,4,1400.0,38.02702436090378,0.0,0,0,0.7205161696921396,0,0
4893.466686303623,6850853.360825072,0.0,2,1400.0,203.54249666562856,0.0,0,0,0.8162939291707261,1,0
9419.374065004677,13187123.691006547,0.0,4,1400.0,171.3829211619294,0.0,0,0,1.4434544831194032,3,0
8967.194682503714,12554072.5555052,0.0,1,1400.0,188.4427731190236,0.0,0,0,0.48833980886827444,1,0
1915.5128603831322,2681718.004536385,0.0,6,1400.0,289.4177011475763,0.0,0,0,1.014590769688717,2,0
8011.434281173395,11216007.993642753,0.0,3,1400.0,279.99248176673353,0.0,0,0,0.7741867561650703,0,0
8884.356319165985,12438098.846832378,0.0,1,1400.0,43.48898826485075,0.0,0,0,1.4082191972733105,3,0
9678.27600266277,13549586.403727876,0.0,1,1400.0,168.1111297626319,0.0,0,0,0.5011286235342662,3,0
7115.9010618973725,9962261.486656321,0.0,5,1400.0,127.5817091065412,0.0,0,0,1.1071061995111442,3,0
6495.617776355436,9093864.88689761,0.0,1,1400.0,10.098028431929585,0.0,0,0,1.000789031722543,2,0
2845.239892090392,3983335.848926549,0.0,1,1400.0,156.1992943730163,0.0,0,0,0.9748338371875691,0,0
10491.559618256735,14688183.46555943,0.0,2,1400.0,105.3046602728295,0.0,0,0,1.0330849737546561,3,0
7943.287170948863,11120602.039328407,0.0,4,1400.0,163.07951475657205,0.0,0,0,1.318895770837813,2,0
7210.257239693916,10094360.135571482,0.0,5,1400.0,272.197366577714,0.0,0,0,1.2303401004939407,0,0
8344.28367539598,11681997.145554371,0.0,6,1400.0,64.57074986416288,0.0,0,0,0.7801000091191248,3,0
9058.920147303956,12682488.206225537,0.0,2,1400.0,7.958325577699476,0.0,0,0,1.361514984929681,1,0
3837.527884584593,5372539.03841843,0.0,3,1400.0,157.69262993013234,0.0,0,0,0.8053456773536064,3,0
3854.926341050546,5396896.877470764,0.0,6,1400.0,147.30115159007693,0.0,0,0,0.6728203461395319,2,0
2360.8533778474466,3305194.7289864253,0.0,4,1400.0,269.61859701923237,0.0,0,0,1.1760967510960298,0,0
3046.635234548325,4265289.328367655,0.0,2,1400.0,170.06500631082562,0.0,0,0,0.8778022883569888,1,0
4265.987819654784,5972382.947516698,0.0,5,1400.0,159.19064658457253,0.0,0,0,0.8190686987778096,2,0
6967.981885795617,9755174.640113864,0.0,1,1400.0,214.63824538983474,0.0,0,0,1.0833442080998914,2,0
4181.794405408098,5854512.167571338,0.0,5,1400.0,55.57993828415094,0.0,0,0,0.5399894444417203,1,0
9618.723257513957,13466212.56051954,0.0,5,1400.0,123.7241681730602,0.0,0,0,0.5521004042591988,0,0
2292.0621475792823,3208887.006610995,0.0,3,1400.0,79.60640146215408,0.0,0,0,0.4418246809480685,3,0
9707.326596269557,13590257.23477738,0.0,5,1400.0,14.094966947114084,0.0,0,0,0.7844505630114411,3,0
6900.9499121534855,9661329.87701488,0.0,3,1400.0,120.62463202495347,0.0,0,0,1.0538538458826068,3,0
3013.3563070952373,4218698.829933332,0.0,2,1400.0,107.73267987892916,0.0,0,0,0.7263266463072501,2,0
10208.179453174193,14291451.23444387,0.0,4,1400.0,229.71171965646377,0.0,0,0,0.7593333294707182,1,0
2655.738957062596,3718034.539887634,0.0,5,1400.0,226.62879985950838,0.0,0,0,0.591539136924087,2,0
9928.968274702385,13900555.584583338,0.0,4,1400.0,236.08249269960973,0.0,0,0,1.4509523091315129,2,0
6401.568214089578,8962195.499725409,0.0,2,1400.0,259.736632763349,0.0,0,0,1.4869912840737838,0,0
4215.976672208037,5902367.341091251,0.0,4,1400.0,20.56618191371693,0.0,0,0,0.9883587655407967,1,0
7728.610613713198,10820054.859198477,0.0,2,1400.0,35.11410449924235,0.0,0,0,1.3362832426167437,1,0
10496.543739188295,14695161.234863613,0.0,4,1400.0,272.48062814439703,0.0,0,0,1.0992379147269133,3,0
3559.863698804327,4983809.178326058,0.0,2,1400.0,119.82860460647733,0.0,0,0,0.6872222753213092,3,0
6099.284995503865,8538998.99370541,0.0,1,1400.0,200.6090436317672,0.0,0,0,0.7802215822770033,0,0
3350.0434973932497,4690060.8963505495,0.0,3,1400.0,173.96920271203052,0.0,0,0,0.9746235890400777,2,0
6334.623707182567,8868473.190055594,0.0,6,1400.0,26.19607873429224,0.0,0,0,1.1466433754699707,3,0
2205.3902252317207,3087546.315324409,0.0,5,1400.0,59.24876339918719,0.0,0,0,0.4379811487976529,2,0
2897.210333671498,4056094.467140097,0.0,6,1400.0,191.56308472764383,0.0,0,0,0.4023804132023368,2,0
10403.79153574026,14565308.150036363,0.0,2,1400.0,31.953802317476885,0.0,0,0,1.1175826150595651,3,0
8222.27900692702,11511190.609697828,0.0,6,1400.0,50.072375771763966,0.0,0,0,1.2747266706749976,0,0
4256.140158416831,5958596.2217835635,0.0,2,1400.0,66.88723167392149,0.0,0,0,0.8148096179072932,0,0
8506.549433810584,11909169.207334818,0.0,4,1400.0,113.0586638327966,0.0,0,0,1.4804515380630812,0,0
3678.357546119045,5149700.564566663,0.0,5,1400.0,206.80943836312113,0.0,0,0,0.7270922332504876,1,0
10304.515657284775,14426321.920198686,0.0,2,1400.0,155.93202648784347,0.0,0,0,0.9887282270542685,2,0
3110.0157282068585,4354022.019489602,0.0,6,1400.0,125.6156059894202,0.0,0,0,1.131460355985332,2,0
2084.456384609503,2918238.938453304,0.0,1,1400.0,231.77518277404943,0.0,0,0,0.4609565682560283,2,0
9109.302319729311,12753023.247621035,0.0,2,1400.0,243.3898806178623,0.0,0,0,1.2849209484639783,0,0
10407.547722112806,14570566.810957927,0.0,1,1400.0,61.39432719453163,0.0,0,0,1.100135015737291,1,0
4903.318129210047,6864645.380894066,0.0,1,1400.0,245.10713467336404,0.0,0,0,0.4030489892499506,2,0
10624.929932071795,14874901.904900512,0.0,3,1400.0,189.13532856587983,0.0,0,0,1.3325063482996777,2,0
6653.405399967893,9314767.55995505,0.0,1,1400.0,145.0227468404742,0.0,0,0,0.773385420122473,3,0
2287.5384206644135,3202553.7889301786,0.0,1,1400.0,1.2545188838374188,0.0,0,0,1.0944332207616092,3,0
6758.543421647833,9461960.790306967,0.0,5,1400.0,278.67719889894795,0.0,0,0,1.4390421134098266,2,0
3218.434357005882,4505808.099808235,0.0,6,1400.0,295.67913820599216,0.0,0,0,0.4763107973509604,3,0
5258.657725216921,7362120.815303689,0.0,3,1400.0,89.91558540753798,0.0,0,0,1.0834990970880136,1,0
6115.948450183071,8562327.8302563,0.0,1,1400.0,51.27066519252275,0.0,0,0,1.3141647380004904,2,0
4401.02513721929,6161435.192107005,0.0,2,1400.0,220.46867921068758,0.0,0,0,0.44937591429301266,2,0
4715.970339862868,6602358.475808015,0.0,1,1400.0,76.22129483659744,0.0,0,0,1.2381411915393814,3,0
1463.5441491509262,2048961.8088112967,0.0,5,1400.0,100.39953114462188,0.0,0,0,0.8258520417763457,0,0
3718.0302354309856,5205242.32960338,0.0,1,1400.0,217.68979295980688,0.0,0,0,1.3401250353566665,1,0
7790.692668392981,10906969.735750174,0.0,4,1400.0,227.388015475416,0.0,0,0,1.4804224234492063,0,0
10391.50423942609,14548105.935196526,0.0,2,1400.0,37.759253139200034,0.0,0,0,0.5833886603309525,3,0
8014.815424130502,11220741.593782702,0.0,4,1400.0,278.3410476368675,0.0,0,0,0.9297175558977151,3,0
2093.467147468422,2930854.0064557907,0.0,3,1400.0,55.04984040483025,0.0,0,0,0.5419042917893869,3,0
7040.712860612294,9856998.004857212,0.0,1,1400.0,129.62722986360262,0.0,0,0,1.3946294635690624,0,0
8156.863604948139,11419609.046927394,0.0,1,1400.0,96.57590779099739,0.0,0,0,0.38083020250164423,3,0
5122.818899390149,7171946.459146209,0.0,3,1400.0,272.39550264358354,0.0,0,0,1.086583136873693,0,0
3438.794070542876,4814311.698760026,0.0,6,1400.0,141.6452711241895,0.0,0,0,0.9232845104363915,1,0
4621.106443554523,6469549.020976333,0.0,1,1400.0,297.99316447466254,0.0,0,0,1.2674125032370944,3,0
3679.3826609149414,5151135.725280918,0.0,4,1400.0,124.06181678211438,0.0,0,0,0.5011069395301847,2,0
1729.6221711294581,2421471.0395812416,0.0,3,1400.0,171.92750218874178,0.0,0,0,0.7706621540962191,0,0
4468.898092632008,6256457.329684812,0.0,4,1400.0,37.30091368628289,0.0,0,0,1.3928783713569035,3,0
5486.31204621762,7680836.8647046685,0.0,1,1400.0,171.2745648126731,0.0,0,0,1.2267175601802829,0,0
9561.23041987509,13385722.587825125,0.0,1,1400.0,182.27900365702553,0.0,0,0,0.36459314267390963,2,0
9710.047854719505,13594066.996607307,0.0,2,1400.0,33.68538744657248,0.0,0,0,0.7176700035767171,1,0
1633.680534136738,2287152.7477914332,0.0,3,1400.0,94.03000590389155,0.0,0,0,1.0938204488047751,2,0
2002.9925941805336,2804189.631852747,0.0,5,1400.0,201.8323942864122,0.0,0,0,0.7724010964417286,0,0
7975.904402111353,11166266.162955895,0.0,2,1400.0,298.2477713410006,0.0,0,0,1.2058655179116642,0,0
6033.452139097859,8446832.994737003,0.0,4,1400.0,233.2235689738249,0.0,0,0,0.6602022802088846,2,0
10488.107241956894,14683350.138739651,0.0,1,1400.0,280.58559046377826,0.0,0,0,0.8912642552502126,3,0
2337.3182315400268,3272245.5241560377,0.0,1,1400.0,287.33555693279186,0.0,0,0,1.0566670919280945,0,0
8503.401090713072,11904761.526998302,0.0,4,1400.0,286.0422770983919,0.0,0,0,1.4078420349177403,0,0
4429.421396269048,6201189.954776668,0.0,6,1400.0,11.326812211626681,0.0,0,0,1.4248480620315114,1,0
